[-163.423,100.892,-58.545]	6500.557834	[-28.6646,22.4625,-8.45635]
[-163.497,100.98,-58.5679]	6500.581986	[-20.6068,19.3879,-1.73109]
[-163.678,101.209,-58.5938]	6500.62947	[-17.1263,22.9102,4.02074]
[-163.765,101.341,-58.591]	6500.653105	[1.0084,19.6126,12.7283]
[-163.835,101.504,-58.5724]	6500.676388	[23.655,21.0263,13.083]
[-163.843,101.733,-58.4785]	6500.699886	[71.097,-13.2972,42.5546]
[-163.822,101.824,-58.4234]	6500.708834	[31.5947,28.7941,38.4028]
[-163.785,101.917,-58.3553]	6500.717809	[5.33364,35.7911,24.0805]
[-163.649,102.067,-58.1784]	6500.727131	[99.1645,-93.7581,55.0343]
[-163.484,102.246,-57.9632]	6500.736037	[-26.2641,91.7331,26.4548]
[26.2537,61.2573,-18.3839]	6500.745165	[-106.768,-10.9297,274.471]
[26.0654,61.2526,-17.8143]	6500.754298	[-77.5199,-1.61214,236.754]
[25.9033,61.2636,-17.2279]	6500.763253	[-46.9523,7.54392,198.897]
[25.7857,61.2921,-16.6494]	6500.772335	[-15.2689,15.7268,166.975]
[25.7225,61.3336,-16.0986]	6500.781377	[14.7568,18.7699,137.194]
[25.7205,61.3883,-15.5614]	6500.790398	[45.7867,21.201,105.184]
[25.7953,61.4576,-15]	6500.799524	[73.594,19.7192,84.728]
[25.9794,61.54,-14.4127]	6500.808301	[106.475,15.886,57.2331]
[26.3512,61.6406,-13.7492]	6500.817509	[132.552,9.14547,27.0719]
[26.9387,61.7402,-13.0793]	6500.826535	[148.617,0.34711,13.1595]
[-158.754,106.675,-50.2698]	6500.835667	[-45.3061,12.0235,15.7298]
[28.7403,61.8659,-11.9436]	6500.844662	[143.545,-15.9246,-22.9995]
[31.2677,61.5832,-11.1768]	6500.871689	[93.0666,-31.753,-26.8454]
[31.7938,61.408,-11.0816]	6500.880816	[1.39752,-41.1774,-17.2762]
[32.0743,61.1667,-11.0341]	6500.889908	[-86.4226,-42.8759,-6.51814]
[-157.668,105.563,-50.0542]	6500.89891	[53.7155,-3.25801,69.2244]
[-157.547,105.456,-50.1196]	6500.907723	[-23.1349,26.5722,-68.1525]
[-157.462,105.413,-50.133]	6500.916826	[7.66769,20.4416,10.4471]
[-157.355,105.32,-50.1003]	6500.925893	[34.2246,-37.2395,25.8604]
[-157.411,105.351,-50.0921]	6500.935009	[-87.2459,67.6726,-11.158]
[17.0888,57.8953,-8.24276]	6500.944012	[-469.748,-35.977,113.738]
[11.2827,57.4286,-6.71036]	6500.953911	[-475.846,-29.5199,133.692]
[-156.427,104.208,-48.9671]	6500.96383	[-14.3205,-65.5662,85.7246]
[-0.385901,56.9605,-3.00674]	6500.973834	[-560.247,-15.4098,181.913]
[-6.46,56.8569,-0.825543]	6500.984954	[-542.35,-9.75468,197.747]
[-13.1599,56.7571,1.81712]	6500.996828	[-551.748,-8.79951,223.379]
[-19.8555,56.6316,4.5816]	6501.008165	[-541.728,-11.5574,233.01]
[-26.1637,56.5141,7.32557]	6501.01878	[-519.641,-11.5671,239.166]
[-31.7371,56.4294,9.85272]	6501.029284	[-440.406,-8.64715,220.95]
[-36.4655,56.3905,12.0354]	6501.039903	[-363.603,-4.41762,188.559]
[-40.1146,56.4343,13.8609]	6501.049984	[-294.549,2.86069,163.04]
[-42.6486,56.5523,15.1682]	6501.059766	[-214.338,10.0607,118.699]
[-44.1744,56.7436,16.0937]	6501.069719	[-134.466,17.1171,84.405]
[-44.7045,56.9969,16.5015]	6501.079661	[-59.617,22.878,38.7903]
[-44.3217,57.2885,16.438]	6501.089419	[11.9659,26.8692,-2.29195]
[-43.0588,57.5938,16.0092]	6501.099153	[87.3182,28.2945,-34.9459]
[-40.9636,57.8785,15.2044]	6501.108679	[168.322,26.7821,-70.8519]
[-38.1113,58.1201,14.0626]	6501.118663	[245.032,22.5427,-103.096]
[-34.5243,58.3322,12.6219]	6501.128416	[325.348,19.7304,-131.312]
[-30.2867,58.5377,10.9829]	6501.138294	[398.995,19.0938,-150.882]
[-25.4355,58.7662,9.10973]	6501.147817	[480.831,21.75,-178.15]
[-20.0306,58.9978,7.06906]	6501.157728	[527.466,21.8147,-193.215]
[-14.1461,59.259,4.89717]	6501.167542	[577.3,24.7765,-206.668]
[-7.9793,59.5362,2.79043]	6501.177032	[617.74,27.0311,-201.614]
[-1.50739,59.8103,0.789534]	6501.186443	[655.63,27.1993,-192.066]
[5.23124,60.0754,-1.10011]	6501.195787	[686.267,26.7252,-182.681]
[12.0704,60.3219,-2.8718]	6501.205033	[690.246,25.1761,-172.177]
[18.9734,60.5401,-4.55485]	6501.214072	[708.34,22.7542,-167.472]
[25.9262,60.716,-6.07576]	6501.223175	[705.983,18.4939,-149.992]
[32.7471,60.8464,-7.39203]	6501.232164	[694.512,13.9997,-129.812]
[39.423,60.9352,-8.53058]	6501.241225	[675.941,9.71494,-112.374]
[45.8601,60.9719,-9.53853]	6501.250304	[654.87,4.37852,-101.308]
[51.9698,60.9527,-10.4107]	6501.25929	[634.23,-1.33724,-90.0938]
[57.6924,60.8545,-11.009]	6501.2684	[594.508,-9.55962,-61.6874]
[62.8272,60.6559,-11.4738]	6501.277151	[563.331,-20.4002,-51.8762]
[67.555,60.3453,-11.7814]	6501.286404	[503.258,-31.6478,-33.8001]
[71.5942,59.9149,-12.0493]	6501.295664	[440.608,-43.5435,-31.0869]
[74.7389,59.3825,-12.1857]	6501.30453	[370.149,-55.0941,-19.8995]
[77.1034,58.7738,-12.2395]	6501.31353	[286.448,-63.1943,-10.7517]
[78.5917,58.1271,-12.2295]	6501.322659	[196.446,-66.7012,-4.026]
[79.0589,57.4627,-12.0951]	6501.331454	[102.044,-69.7425,7.85492]
[78.656,56.788,-12.0258]	6501.34045	[10.1632,-70.5509,2.36653]
[77.2895,56.1325,-11.9054]	6501.349457	[-86.3659,-68.5151,7.63321]
[75.0205,55.4828,-11.8783]	6501.358582	[-183.596,-67.4553,-1.22864]
[71.8332,54.8602,-11.8036]	6501.367582	[-293.628,-65.094,3.37991]
[67.8796,54.2481,-11.8671]	6501.376574	[-396.52,-64.2203,-10.4704]
[64.2833,53.6195,-12.161]	6501.385955	[-413.611,-69.7354,-28.0701]
[60.1544,53.0594,-12.4352]	6501.394921	[-492.599,-66.8139,-28.358]
[55.4783,52.5248,-12.6908]	6501.403873	[-545.09,-64.509,-27.2881]
[50.1561,52.0036,-12.8578]	6501.413079	[-585.243,-61.5057,-19.7568]
[43.9305,51.5882,-12.0776]	6501.422135	[-661.864,-51.3937,68.38]
[37.2004,51.2678,-11.2356]	6501.431085	[-680.187,-41.9231,69.6133]
[29.8573,51.0913,-10.2909]	6501.440219	[-687.695,-27.3769,72.7016]
[21.423,51.1891,-9.11662]	6501.448926	[-719.087,-1.09921,73.8239]
[13.1672,51.5395,-8.03225]	6501.457919	[-703.821,29.3357,74.3185]
[5.37752,52.1264,-7.01014]	6501.466911	[-702.003,59.2894,86.943]
[-2.05397,52.9015,-6.03059]	6501.476039	[-689.304,82.1317,92.1081]
[-9.09487,53.8394,-5.12898]	6501.48504	[-687.407,101.045,86.9563]
[-15.8317,54.9087,-4.12016]	6501.494043	[-678.143,114.806,109.112]
[-22.2937,56.0454,-2.94383]	6501.503161	[-659.543,120.397,132.562]
[-28.4105,57.2359,-1.60795]	6501.512144	[-648.863,125.719,152.785]
[-34.2757,58.4649,-0.196849]	6501.521164	[-631.389,129.843,157.338]
[-39.9338,59.7187,1.26117]	6501.530526	[-596.571,130.278,155.411]
[-45.0444,60.9841,2.79386]	6501.539364	[-578.275,134.631,171.104]
[-49.9166,62.2782,4.38285]	6501.548519	[-540.041,136.545,172.201]
[-54.3581,63.5804,5.99464]	6501.557661	[-502.558,137.316,173.033]
[-58.3348,64.8917,7.61739]	6501.566663	[-465.197,139.122,174.64]
[-61.8527,66.1697,9.15292]	6501.57563	[-420.548,135.92,165.507]
[-64.8496,67.359,10.6718]	6501.584505	[-370.02,126.818,164.406]
[-67.4257,68.4329,12.0743]	6501.593741	[-312.784,111.883,148.072]
[-69.4071,69.3238,13.2684]	6501.602755	[-257.931,94.5683,128.999]
[-70.9368,70.1098,14.2208]	6501.611784	[-208.656,83.9493,104.223]
[-71.9207,70.7312,14.9619]	6501.620906	[-148.745,66.9452,82.1645]
[-72.327,71.204,15.4379]	6501.629904	[-90.5668,52.6571,56.2355]
[-72.1393,71.5674,15.6252]	6501.638724	[-30.6923,42.3258,27.5956]
[-71.4737,71.847,15.5233]	6501.64804	[26.1774,31.7603,-3.86548]
[-70.1634,72.0003,15.1074]	6501.657014	[89.7273,20.3865,-34.4124]
[-68.2988,72.0471,14.3987]	6501.66592	[152.944,9.46601,-65.325]
[-65.9672,71.9953,13.3802]	6501.675022	[210.514,-1.57039,-98.7555]
[-63.1848,71.8535,12.1465]	6501.684157	[262.708,-10.7216,-120.777]
[-60.0507,71.6132,10.6548]	6501.693163	[309.409,-21.0893,-150.024]
[-56.6195,71.3159,9.06989]	6501.702308	[345.013,-27.489,-160.057]
[-52.9201,70.9612,7.35041]	6501.711239	[378.638,-33.1884,-175.404]
[-48.9851,70.5512,5.51943]	6501.720283	[402.334,-39.073,-186.491]
[-44.8543,70.1089,3.62514]	6501.729431	[414.998,-41.708,-189.786]
[-40.6461,69.6444,1.67139]	6501.738427	[423.627,-43.8938,-196.943]
[-36.4376,69.2079,-0.198852]	6501.747315	[427.466,-41.5413,-189.246]
[-32.3103,68.8409,-2.02271]	6501.756261	[418.662,-35.1222,-186.173]
[-27.1704,58.6382,-5.24989]	6501.76561	[539.277,-2279.49,-358.571]
[-23.7363,62.649,-6.4305]	6501.775209	[155.64,2396.61,108.372]
[-20.352,65.455,-7.71828]	6501.784417	[289.189,113.907,-80.8727]
[-17.0262,67.8056,-9.07842]	6501.793536	[319.818,160.171,-130.139]
[-13.8748,70.1641,-10.4357]	6501.802365	[322.909,243.687,-143.493]
[-10.7935,72.9139,-11.9235]	6501.81145	[313.607,326.529,-161.92]
[-7.82395,76.2104,-13.4692]	6501.820663	[301.875,401.465,-165.448]
[-5.0569,80.119,-15.0265]	6501.829639	[291.251,499.938,-170.868]
[-2.4476,84.7567,-16.4978]	6501.838667	[273.407,576.71,-152.149]
[0.0195676,90.0421,-17.9275]	6501.847786	[256.803,621.1,-146.37]
[2.32207,95.849,-19.2581]	6501.856757	[245.811,668.033,-135.059]
[4.51844,102.159,-20.5376]	6501.865801	[234.125,689.007,-129.601]
[6.58421,108.75,-21.7026]	6501.874832	[221.246,703.83,-114.834]
[8.53794,115.568,-22.6511]	6501.883964	[206.984,709.716,-81.0856]
[10.3537,122.479,-23.534]	6501.892904	[199.576,733.214,-90.6798]
[12.0651,129.493,-24.1064]	6501.901943	[185.041,727.865,-37.2668]
[13.6878,136.568,-24.7082]	6501.911044	[177.695,730.822,-58.7444]
[15.1832,143.632,-24.8869]	6501.920032	[169.386,741.256,-11.6149]
[16.588,150.637,-25.1761]	6501.929032	[161.153,738.431,-31.035]
[17.8506,157.506,-25.102]	6501.938092	[146.493,722.798,9.4133]
[18.9618,164.159,-24.6988]	6501.947208	[130.791,701.066,44.1602]
[19.9541,170.447,-24.4166]	6501.956121	[121.003,684.237,25.8919]
[20.8459,176.665,-24.0999]	6501.965271	[106.704,668.23,29.8246]
[21.6005,182.337,-23.6095]	6501.974239	[94.9174,629.423,49.1179]
[22.2449,187.59,-23.1111]	6501.983294	[80.9739,587.274,50.4106]
[22.7967,192.538,-22.5091]	6501.992414	[71.5607,556.147,59.7259]
[23.2543,197.197,-21.9912]	6502.001403	[62.1197,535.237,50.6155]
[23.557,201.368,-21.1689]	6502.010415	[45.7454,485.272,84.5705]
[23.7456,205.164,-20.4343]	6502.019511	[34.7384,443.858,71.2521]
[24.2697,213.557,-18.9998]	6502.046537	[15.5987,369.55,70.2036]
[23.5255,214.938,-18.3444]	6502.055597	[-3.84699,235.58,18.7142]
[22.8964,216.285,-17.7408]	6502.064665	[-21.9893,193.864,34.7793]
[22.2602,217.03,-17.0218]	6502.073642	[-38.2688,119.468,58.709]
[21.6256,217.351,-16.6302]	6502.082782	[-47.6771,67.7119,31.5279]
[20.942,217.071,-16.3454]	6502.091855	[-57.8408,7.34985,24.4992]
[20.1656,216.109,-16.1336]	6502.100788	[-69.1422,-57.9104,19.3589]
[19.3012,214.558,-16.0862]	6502.109959	[-80.8898,-124.347,3.91962]
[18.3733,212.355,-16.1893]	6502.118908	[-87.9515,-192.455,-10.3923]
[17.2967,209.183,-16.2627]	6502.127833	[-102.905,-305.537,-6.27046]
[16.1573,205.274,-16.6225]	6502.136694	[-110.849,-404.423,-37.4225]
[14.9664,200.634,-17.1926]	6502.14604	[-114.119,-481.876,-58.2889]
[13.7841,195.154,-17.7835]	6502.155031	[-114.955,-599.987,-59.5568]
[12.6725,188.844,-18.3738]	6502.164029	[-109.891,-712.204,-59.8739]
[11.6847,181.918,-19.0421]	6502.173132	[-98.7548,-767.182,-70.0435]
[10.808,174.372,-19.5477]	6502.182163	[-87.3251,-811.128,-48.7632]
[10.0003,166.424,-20.102]	6502.191097	[-81.0171,-823.044,-56.3711]
[9.22195,157.918,-20.3875]	6502.200291	[-77.3262,-844.147,-22.2147]
[8.16559,142.666,-20.5034]	6502.218292	[-66.4981,-857.025,-4.54316]
[7.53943,132.308,-20.3768]	6502.227408	[-54.2071,-863.752,21.3156]
[7.04608,122.72,-20.1373]	6502.236271	[-45.4683,-887.675,32.8323]
[6.64284,113.393,-19.6707]	6502.245387	[-37.8578,-884.086,58.4064]
[6.34354,104.528,-19.077]	6502.25455	[-28.8253,-872.957,69.216]
[6.13668,96.2214,-18.3305]	6502.263491	[-21.2184,-872.17,86.1586]
[6.00712,88.2852,-17.4563]	6502.272465	[-13.8882,-852.46,99.763]
[5.92965,80.7861,-16.41]	6502.281357	[-9.16993,-828.123,119.264]
[5.82326,73.6568,-15.1417]	6502.290494	[-12.1558,-777.434,140.447]
[5.62674,67.1031,-13.815]	6502.299654	[-21.8488,-724.87,142.427]
[5.28407,61.184,-12.4322]	6502.308656	[-37.7069,-678.157,147.074]
[4.72079,55.7738,-10.9081]	6502.317761	[-60.0633,-623.121,160.733]
[3.89535,51.0309,-9.33353]	6502.326555	[-89.7454,-573.33,168.83]
[2.75931,46.6853,-7.72542]	6502.335831	[-118.319,-504.212,166.803]
[1.31592,43.0314,-6.07641]	6502.344949	[-150.487,-439.926,170.941]
[-0.454259,40.0634,-4.36742]	6502.353785	[-187.648,-377.16,179.561]
[-2.55539,37.5806,-2.65401]	6502.362915	[-217.963,-309.542,176.374]
[-4.91711,35.7635,-1.00763]	6502.371738	[-249.708,-246.378,173.159]
[-7.58592,34.3936,0.585564]	6502.381043	[-273.391,-180.26,162.819]
[-10.5405,33.6708,2.09817]	6502.389976	[-310.404,-119.22,159.475]
[-13.8677,33.3998,3.56348]	6502.399021	[-350.332,-62.1721,154.755]
[-17.5465,33.5232,4.99553]	6502.40816	[-386.957,-14.547,151.275]
[-21.5396,34.0244,6.42926]	6502.4172	[-424.565,27.8364,153.424]
[-25.7926,34.8337,7.87542]	6502.426021	[-463.373,64.3313,158.584]
[-30.3191,35.8484,9.48609]	6502.435286	[-478.146,92.3543,170.212]
[-34.9732,37.0997,11.099]	6502.444297	[-498.527,115.508,173.951]
[-39.563,38.3398,11.847]	6502.453075	[-519.28,131.488,83.2549]
[-44.297,39.5929,12.681]	6502.462416	[-524.03,142.84,86.937]
[-48.9607,40.9685,14.2335]	6502.471168	[-534.358,151.178,182.912]
[-53.7318,42.369,16.0596]	6502.480413	[-520.675,147.74,204.885]
[-58.8932,43.9644,19.2972]	6502.489549	[-566.445,170.626,400.072]
[-63.1587,45.4899,21.2149]	6502.498539	[-446.821,152.872,119.648]
[-67.3895,47.1452,23.1503]	6502.50753	[-441.219,159.187,164.476]
[-71.4305,48.8746,24.9095]	6502.516338	[-426.083,163.488,156.662]
[-75.5364,50.9694,26.5666]	6502.525437	[-404.934,173.642,136.166]
[-79.2376,53.2284,27.7881]	6502.534429	[-367.695,197.29,82.4677]
[-82.4437,55.3956,28.7058]	6502.543424	[-320.961,199.761,62.3266]
[-85.1761,57.5082,29.2941]	6502.552549	[-273.291,202.494,29.1752]
[-87.3943,59.6191,29.5328]	6502.561546	[-231.133,208.669,-1.35802]
[-89.2921,61.7789,29.3836]	6502.570528	[-205.371,219.085,-42.9098]
[-90.7497,63.9856,28.8819]	6502.579537	[-162.691,226.186,-76.593]
[-93.0731,67.9916,27.6978]	6502.597657	[-109.412,236.778,-123.485]
[-92.71,70.7501,25.7728]	6502.606668	[-28.0642,250.417,-162.728]
[-92.1419,73.5539,23.7799]	6502.615792	[20.9934,268.137,-190.423]
[-91.2746,76.4359,21.6873]	6502.624927	[63.7652,284.159,-206.923]
[-90.1597,79.4296,19.4159]	6502.634053	[95.4864,301.76,-232.542]
[-88.7676,82.587,17.0441]	6502.643306	[126.123,318.871,-238.684]
[-87.1255,85.8404,14.6344]	6502.652431	[151.981,334.249,-241.263]
[-85.3415,89.2281,12.1735]	6502.661673	[169.621,348.475,-247.221]
[-83.3471,92.7164,9.74759]	6502.670925	[191.897,359.425,-241.977]
[-81.1329,96.2131,7.35405]	6502.680052	[216.63,364.51,-239.694]
[-78.8558,99.7355,5.02627]	6502.68918	[225.653,370.015,-235.796]
[-76.4484,103.295,2.7778]	6502.698418	[238.101,371.182,-226.222]
[-73.8698,106.768,0.621086]	6502.707553	[254.695,364.526,-216.686]
[-71.1465,110.078,-1.44849]	6502.716681	[269.548,348.51,-208.156]
[-68.3222,113.322,-3.38562]	6502.725921	[273.201,338.036,-191.891]
[-65.4149,116.29,-5.26925]	6502.734932	[284.528,316.785,-190.548]
[-62.4594,118.972,-7.01167]	6502.743902	[294.397,290.447,-179.356]
[-59.4293,121.389,-8.61949]	6502.753029	[299.84,260.316,-165.086]
[-56.3289,123.377,-10.182]	6502.76208	[308.826,218.947,-162.83]
[-53.1623,124.955,-11.5762]	6502.771076	[317.816,178.796,-147.542]
[-49.905,126.092,-13.1065]	6502.780178	[325.775,131.757,-161.09]
[-46.5855,126.809,-14.323]	6502.789162	[337.481,90.6191,-131.192]
[-43.102,127.023,-15.5731]	6502.798177	[357.061,35.8042,-135.593]
[-39.4463,126.826,-16.857]	6502.807308	[374.635,-9.43091,-138.404]
[-35.6291,126.235,-18.0929]	6502.8163	[396.18,-48.7025,-135.659]
[-31.6334,125.364,-19.3065]	6502.825296	[416.797,-78.8419,-133.712]
[-27.3615,124.221,-20.489]	6502.834662	[434.133,-109.023,-126.142]
[-22.9443,122.818,-21.7075]	6502.843665	[460.64,-132.491,-134.836]
[-18.3992,121.228,-22.7339]	6502.85243	[486.241,-155.067,-117.11]
[-13.5958,119.517,-23.7756]	6502.861786	[491.757,-167.417,-111.918]
[-8.75144,117.619,-24.7407]	6502.870796	[508.222,-185.785,-108.436]
[-3.77637,115.556,-25.7122]	6502.879831	[522.896,-205.867,-108.99]
[1.2214,113.306,-26.3417]	6502.888777	[530.615,-229.005,-72.413]
[6.26926,110.95,-27.0213]	6502.89791	[529.181,-238.141,-76.9086]
[11.2575,108.517,-27.624]	6502.906915	[530.107,-246.996,-70.2241]
[16.2075,106.026,-28.0477]	6502.915902	[529.083,-253.858,-50.7596]
[21.1401,103.447,-28.3169]	6502.925123	[519.974,-263.628,-32.1722]
[25.8644,100.797,-28.4292]	6502.934027	[514.446,-275.779,-18.0029]
[30.5221,98.0941,-28.4326]	6502.943028	[505.272,-280.854,-5.48245]
[35.0587,95.3401,-28.3104]	6502.95205	[493.497,-285.915,7.98257]
[39.5043,92.4878,-28.1313]	6502.961175	[480.389,-292.37,13.2892]
[43.7795,89.6211,-27.8077]	6502.970127	[471.893,-296.943,27.8317]
[47.9797,86.7327,-27.2824]	6502.979208	[459.998,-297.724,50.0447]
[52.0638,83.8387,-26.6596]	6502.98822	[452.19,-300.297,59.7492]
[56.0813,80.9404,-25.9965]	6502.997278	[444.209,-300.696,63.6571]
[60.0496,78.1033,-25.2726]	6503.006449	[435.142,-293.601,70.3127]
[63.8797,75.3681,-24.4595]	6503.015453	[428.556,-288.491,80.2178]
[67.6126,72.6912,-23.5186]	6503.024449	[419.291,-284.698,94.6421]
[71.2969,70.0513,-22.582]	6503.033421	[415.255,-283.159,94.8786]
[74.9257,67.4485,-21.5439]	6503.042585	[402.099,-276.146,105.05]
[78.449,64.9154,-20.5367]	6503.051619	[396.414,-272.854,102.175]
[81.791,62.5246,-19.3905]	6503.060564	[381.339,-261.675,117.814]
[85.0645,60.2722,-18.3799]	6503.069531	[373.073,-248.114,103.916]
[88.2275,58.1916,-17.3676]	6503.078653	[355.954,-228.517,104.125]
[91.1591,56.3498,-16.4335]	6503.087651	[336.856,-207.662,97.1488]
[93.7718,54.7414,-15.4051]	6503.096783	[300.284,-182.045,106.176]
[96.1461,53.3143,-14.4956]	6503.105825	[278.407,-165.427,95.2173]
[97.9581,52.0479,-13.4874]	6503.1147	[225.348,-151.778,106.539]
[29.1434,29.6294,5.80926]	6503.283695	[-554.746,-47.8147,63.4981]
[25.7779,29.3042,6.27392]	6503.294293	[-584.743,-55.1749,77.7114]
[22.335,28.8938,6.76774]	6503.304721	[-589.858,-65.5321,81.7259]
[18.4636,28.7279,8.70664]	6503.315822	[-603.74,-37.506,244.146]
[14.3638,28.6111,10.4182]	6503.326789	[-581.651,-27.675,204.779]
[9.69622,28.5839,12.0668]	6503.337568	[-557.233,-13.5319,160.687]
[3.04731,28.7523,14.0977]	6503.348167	[-526.082,11.6153,113.824]
[-3.81331,29.2026,15.8625]	6503.358545	[-495.879,42.6265,78.4709]
[-9.93166,29.9447,15.1441]	6503.368972	[-504.774,79.7718,-334.495]
[-14.9429,30.5452,18.0775]	6503.379391	[-446.673,71.874,771.786]
[-19.7591,31.3298,18.5754]	6503.389541	[-430.335,93.0747,-301.274]
[-24.0405,31.9501,19.2261]	6503.399791	[-370.203,75.262,15.6639]
[-27.6258,34.443,23.5096]	6503.409159	[-313.994,401.28,1280.03]
[-31.1435,37.2781,28.0308]	6503.418562	[-294.964,319.118,383.943]
[-39.3682,38.1061,18.9102]	6503.427946	[-386.133,259.866,-595.181]
[-39.9511,38.7822,24.6347]	6503.437153	[-431.692,113.866,-828.61]
[-43.7953,40.1245,22.6568]	6503.446157	[-373.77,185.176,-87.4642]
[-47.1385,41.6256,21.3999]	6503.45534	[-311.281,197.246,87.3498]
[-49.8701,43.4492,20.331]	6503.46428	[-249.578,212.324,18.153]
[-52.1185,45.6424,18.957]	6503.473285	[-208.474,245,-152.049]
[-53.8107,48.1996,17.7732]	6503.482415	[-158.074,272.345,-51.8198]
[-55.0187,51.055,16.48]	6503.491414	[-122.19,312.13,-131.952]
[-55.8742,54.1519,15.1612]	6503.500319	[-92.6473,352.416,-137.941]
[-56.484,57.5702,13.7312]	6503.509436	[-69.0125,384.155,-156.39]
[-56.7956,61.1531,12.2305]	6503.518305	[-41.6483,408.901,-170.818]
[-56.9006,64.9194,10.6317]	6503.52754	[-12.9056,413.56,-175.967]
[-56.7062,68.8173,9.01938]	6503.536488	[13.8493,434.999,-173.424]
[-56.3091,72.8587,7.35772]	6503.545586	[36.7076,440.554,-177.92]
[-55.6764,77.0263,5.67817]	6503.55467	[59.3918,446.872,-175.123]
[-54.8332,81.3186,3.96078]	6503.563708	[76.9108,455.113,-180.864]
[-53.8507,85.7021,2.22138]	6503.572804	[89.913,457.953,-181.679]
[-52.7477,90.1326,0.464222]	6503.581782	[101.223,463.199,-185.579]
[-51.5747,94.6075,-1.21753]	6503.5907	[110.006,470.473,-177.622]
[-50.3446,99.1307,-2.78979]	6503.599921	[116.544,465.159,-161.393]
[-49.1057,103.656,-4.27594]	6503.608945	[116.432,470.718,-155.894]
[-47.8539,108.128,-5.62986]	6503.617964	[118.926,466.28,-143.359]
[-46.5736,112.499,-6.83464]	6503.627077	[121.879,452.974,-127.931]
[-45.3547,116.789,-7.83669]	6503.635999	[117.14,453.699,-110.073]
[-44.1981,120.952,-8.62866]	6503.644895	[112.73,444.689,-89.1876]
[-43.0875,125.015,-9.43725]	6503.654167	[108.084,423.949,-87.873]
[-42.04,128.77,-9.9744]	6503.66298	[103.987,410.987,-64.1438]
[-41.0735,132.403,-10.343]	6503.672008	[96.1121,393.404,-45.0789]
[-40.2015,135.825,-10.6978]	6503.681169	[86.5247,369.329,-43.2113]
[-39.4129,138.943,-10.8031]	6503.690291	[78.7354,341.783,-18.1233]
[-38.749,141.826,-10.7228]	6503.69921	[67.6251,325.551,0.263765]
[-38.1473,144.483,-10.576]	6503.708501	[61.0119,292.715,9.19877]
[-37.6142,146.801,-10.2746]	6503.717786	[54.4709,260.168,24.222]
[-37.1475,148.747,-9.83324]	6503.727085	[48.2064,223.556,38.3707]
[-36.7686,150.328,-9.41604]	6503.736478	[39.427,186.108,35.6888]
[-36.4985,151.483,-8.83588]	6503.745839	[29.0746,145.146,51.7412]
[-36.2883,152.099,-8.18572]	6503.755031	[23.6101,94.6577,58.9427]
[-36.1605,152.322,-7.47953]	6503.764529	[15.0114,50.3694,65.1398]
[-36.0396,151.977,-6.72959]	6503.773898	[14.5197,-2.47571,69.3825]
[-35.921,151.125,-5.93992]	6503.783404	[14.0278,-52.0513,72.5368]
[-35.8265,149.861,-5.21296]	6503.793004	[11.5156,-93.2508,66.5741]
[-35.7368,148.086,-4.50178]	6503.802523	[11.0517,-145.86,65.9089]
[-160.317,105.801,-48.755]	6503.812154	[45.1902,13.0947,55.4309]
[-160.318,105.801,-48.7528]	6503.821781	[-37.3163,14.0003,70.8295]
[-160.324,105.808,-48.7434]	6503.831794	[-38.9285,71.9998,44.6687]
[-160.334,105.826,-48.7257]	6503.841531	[-25.6642,81.0941,42.1685]
[-160.338,105.836,-48.7114]	6503.851479	[28.558,-4.15805,82.3138]
[-160.34,105.843,-48.7005]	6503.861915	[4.62832,35.5373,70.1344]
[-160.338,105.854,-48.6733]	6503.871988	[108.202,-31.0944,96.9706]
[-160.329,105.864,-48.6354]	6503.882049	[79.8607,-24.2752,91.4774]
[-160.323,105.882,-48.5802]	6503.89256	[-69.4594,51.8424,90.5188]
[-160.31,105.898,-48.5114]	6503.902832	[75.421,-17.8056,110.196]
[-160.3,105.91,-48.4565]	6503.913292	[1.19033,-5.47987,107.887]
[-160.292,105.928,-48.3791]	6503.923469	[-82.4061,56.1528,106.181]
[-160.289,105.939,-48.331]	6503.933967	[-6.83789,26.7997,110.174]
[-160.288,105.951,-48.2864]	6503.944199	[-79.977,77.892,106.529]
[-160.29,105.971,-48.2202]	6503.954433	[-67.8184,65.4891,117.109]
[-160.301,106.01,-48.0766]	6503.974405	[-54.2953,26.6474,129.984]
[-160.31,106.032,-47.9974]	6503.984415	[-104.403,63.9828,131.067]
[-160.317,106.045,-47.9424]	6503.994166	[30.2404,-11.4492,141.644]
[-160.327,106.063,-47.8727]	6504.003918	[-98.4994,77.5738,109.427]
[-160.343,106.083,-47.7922]	6504.012996	[-123.356,10.2949,148.981]
[-160.365,106.105,-47.6808]	6504.022044	[-55.8398,-84.0837,176.275]
[-160.381,106.119,-47.6077]	6504.031032	[-20.4161,-2.12599,126.023]
[-160.402,106.134,-47.5145]	6504.039969	[-66.1382,-44.1772,134.597]
[-160.43,106.152,-47.4044]	6504.049156	[-123.309,16.8452,107.115]
[-160.475,106.177,-47.2518]	6504.058202	[-148.994,39.0991,118.351]
[-160.53,106.203,-47.0711]	6504.066897	[-54.9705,-63.0623,104.593]
[-160.588,106.228,-46.8914]	6504.076442	[-71.7799,-1.1072,102.554]
[-160.661,106.255,-46.6692]	6504.08521	[-45.6431,-54.7798,87.7319]
[-160.752,106.288,-46.4146]	6504.094293	[-102.157,40.821,81.0447]
[-160.834,106.315,-46.1878]	6504.10336	[-45.0219,-19.3084,80.3759]
[-160.977,106.369,-45.8195]	6504.112404	[-115.703,94.8737,74.3393]
[-161.191,106.454,-45.2875]	6504.121407	[-64.1006,62.2677,75.9525]
[-161.487,106.583,-44.5747]	6504.130529	[-66.6677,86.2514,70.8269]
[-161.685,106.671,-44.0866]	6504.139526	[5.69585,5.44411,77.9332]
[-161.894,106.774,-43.581]	6504.148527	[-44.82,89.6546,71.2724]
[-162.213,106.959,-42.8269]	6504.157656	[-42.56,150.567,30.1511]
[-162.576,107.183,-41.9243]	6504.166433	[68.2667,-7.75547,39.9143]
[96.4229,63.2075,-10.4415]	6504.175652	[56.2974,-35.8663,-36.1733]
[95.7687,62.9889,-10.7505]	6504.184654	[-18.6381,-35.1981,-33.7337]
[94.4252,62.7738,-11.0921]	6504.193778	[-90.7173,-33.3386,-36.6419]
[92.4053,62.5327,-11.5488]	6504.20258	[-165.126,-37.4691,-49.7514]
[89.7357,62.2314,-11.9628]	6504.211786	[-241.882,-39.645,-44.0649]
[86.3967,61.9007,-12.365]	6504.220909	[-318.841,-43.1827,-42.9827]
[82.4805,61.5374,-12.6959]	6504.229905	[-393.387,-46.9613,-36.0686]
[78.0814,61.0923,-13.0311]	6504.238909	[-454.352,-54.6988,-36.5708]
[73.26,60.5858,-13.2612]	6504.247963	[-502.887,-60.041,-25.6217]
[68.1489,60.028,-13.5237]	6504.257004	[-530.338,-64.9553,-29.1398]
[62.7913,59.4649,-13.711]	6504.266033	[-552.675,-65.2004,-21.3516]
[57.2652,58.9477,-13.8485]	6504.275166	[-557.838,-59.4569,-16.031]
[51.6385,58.4533,-13.9952]	6504.284095	[-573.27,-58.387,-17.6385]
[45.9518,57.9989,-14.1361]	6504.293154	[-569.956,-53.0571,-16.6524]
[40.2989,57.5985,-14.2481]	6504.302156	[-566.107,-47.6721,-13.7201]
[34.7006,57.25,-14.366]	6504.311274	[-553.747,-41.4299,-14.0454]
[29.2365,56.9693,-14.4547]	6504.320313	[-545.784,-34.7406,-11.1164]
[23.936,56.7456,-14.5473]	6504.329282	[-537.244,-28.9001,-11.5848]
[18.781,56.5671,-14.6438]	6504.338403	[-521.278,-23.0378,-11.5496]
[13.8386,56.4652,-14.7409]	6504.347455	[-509.064,-15.1547,-11.646]
[9.11285,56.4131,-14.8116]	6504.3564	[-498.913,-9.92818,-8.98033]
[4.50871,56.3981,-14.8632]	6504.365618	[-480.514,-4.86935,-6.53198]
[-6.91219,56.3396,-14.8144]	6504.392339	[-457.919,5.02574,2.17825]
[-10.8743,56.8636,-14.6407]	6504.401441	[-410.557,17.5149,0.541912]
[-14.3732,57.3675,-14.5466]	6504.410653	[-371.2,29.8843,-0.635468]
[-17.372,57.9115,-14.5123]	6504.419514	[-339.792,42.2268,-3.22702]
[-20.0965,58.5069,-14.5526]	6504.42883	[-301.267,52.1652,-8.05735]
[-22.3545,59.1551,-14.7214]	6504.437831	[-267.086,60.4058,-20.3969]
[-24.2495,59.8557,-14.9664]	6504.446781	[-231.74,68.2364,-27.6201]
[-25.8287,60.6085,-15.297]	6504.455952	[-193.891,74.2866,-35.425]
[-27.0112,61.4116,-15.7358]	6504.464905	[-157.834,81.0622,-47.0127]
[-27.8608,62.2575,-16.3321]	6504.473916	[-120.322,86.4656,-63.2634]
[-28.3586,63.1888,-17.0573]	6504.482872	[-83.2023,96.3889,-77.0522]
[-28.5373,64.2338,-17.9427]	6504.492036	[-45.197,107.85,-92.7443]
[-28.3401,65.453,-18.9963]	6504.500998	[-8.25341,127.161,-111.321]
[-27.8464,66.8782,-20.2534]	6504.510209	[27.5265,147.244,-130.89]
[-27.0035,68.5399,-21.6499]	6504.519154	[62.5688,173.811,-147.243]
[-25.8862,70.4212,-23.2618]	6504.528166	[95.0722,196.822,-169.674]
[-24.5513,72.5359,-24.9831]	6504.537278	[120.448,220.286,-180.234]
[-23.008,74.8532,-26.8177]	6504.546332	[142.529,241.341,-192.023]
[-21.3354,77.3329,-28.7859]	6504.555275	[159.443,261.417,-208.491]
[-19.5896,80.0394,-30.8192]	6504.564282	[168.705,285.127,-214.897]
[-17.7935,82.9197,-32.8981]	6504.573403	[176.592,303.141,-219.368]
[-15.9477,86.004,-34.9813]	6504.58216	[185.282,333.444,-225.672]
[-14.0805,89.3942,-37.0942]	6504.591389	[185.227,355.668,-221.895]
[-12.1844,93.0338,-39.1363]	6504.600475	[188.1,383.563,-215.59]
[-10.2396,97.0976,-41.3118]	6504.610837	[179.989,389.599,-208.776]
[-8.2021,101.687,-43.4532]	6504.621094	[183.806,434.763,-203.508]
[-6.19301,106.7,-45.4813]	6504.631298	[178.864,472.729,-192.065]
[-4.26589,112.129,-47.4399]	6504.641658	[170.405,507.059,-183.878]
[-2.45304,117.853,-49.2208]	6504.651741	[163.747,545.792,-171.572]
[-0.734395,123.942,-50.6845]	6504.662174	[152.245,561.605,-137.629]
[0.81524,129.931,-51.7576]	6504.67101	[154.379,629.314,-118.532]
[2.29343,136.056,-52.8088]	6504.680302	[146.019,620.556,-111.951]
[3.67982,141.95,-53.4995]	6504.689287	[141.14,601.908,-77.039]
[4.94851,147.685,-53.9202]	6504.698076	[133.943,602.572,-49.9358]
[6.141,153.429,-54.271]	6504.707468	[121.971,575.009,-38.9598]
[7.17479,158.703,-54.4986]	6504.71633	[112.861,558.493,-30.5378]
[8.0958,163.818,-54.3312]	6504.725462	[99.861,532.954,15.1675]
[8.87334,168.506,-54.0444]	6504.73439	[87.5825,500.853,24.5708]
[9.52854,172.604,-53.5867]	6504.743574	[73.5116,428.706,43.4759]
[10.0385,176.098,-53.0644]	6504.752607	[60.6088,377.1,45.2805]
[10.3992,178.965,-52.5577]	6504.761549	[45.9073,319.856,43.6459]
[10.5829,181.149,-52.0635]	6504.770722	[26.5599,245.602,43.7249]
[10.595,182.639,-51.6755]	6504.779658	[9.7343,185.585,33.6124]
[10.4367,183.335,-51.219]	6504.788575	[-8.30926,107.063,41.9608]
[10.1242,183.336,-50.8278]	6504.797655	[-24.7697,37.0351,36.2578]
[9.62825,182.462,-50.3923]	6504.806789	[-42.6538,-45.1294,40.2841]
[8.94934,180.696,-50.0104]	6504.815561	[-59.7477,-129.424,33.366]
[8.12421,178.077,-49.7683]	6504.824512	[-75.8081,-230.401,19.7878]
[7.14992,174.703,-49.6114]	6504.833935	[-89.9928,-317.282,12.0358]
[6.02264,170.548,-49.4805]	6504.84291	[-107.382,-422.921,9.31765]
[4.8236,165.629,-49.3822]	6504.851716	[-118.529,-540.706,6.62677]
[3.55237,160.038,-49.3013]	6504.861043	[-125.053,-598.547,5.89659]
[2.22106,153.802,-49.2535]	6504.870087	[-131.959,-669.268,2.2612]
[0.851362,147.051,-49.1273]	6504.87897	[-139.311,-733.998,11.0619]
[-0.512739,139.864,-48.8969]	6504.888168	[-137.214,-740.161,22.2318]
[-1.82863,132.494,-48.4755]	6504.897018	[-134.825,-761.974,43.2866]
[-3.08129,124.967,-47.8171]	6504.906191	[-126.742,-737.733,68.4811]
[-4.23002,117.513,-47.0424]	6504.915278	[-115.832,-717.63,80.1845]
[-5.23708,110.323,-46.1195]	6504.924285	[-102.287,-693.377,96.8993]
[-6.10549,103.458,-44.997]	6504.933163	[-89.2577,-675.644,119.759]
[-6.89132,96.7308,-43.7102]	6504.942463	[-79.1596,-644.314,133.91]
[-7.61514,90.4495,-42.3122]	6504.951384	[-76.2111,-641.272,148.066]
[-8.31029,84.3245,-40.7433]	6504.960389	[-73.5169,-635.651,165.371]
[-8.99107,78.3484,-39.0781]	6504.969538	[-71.8112,-622.817,173.597]
[-9.62926,72.5617,-37.3023]	6504.978536	[-68.8121,-623.194,186.928]
[-10.2395,66.9036,-35.4457]	6504.987582	[-66.0672,-614.116,195.347]
[-10.799,61.5488,-33.5545]	6504.996426	[-62.3636,-600.279,202.944]
[-11.3218,56.4186,-31.5758]	6505.005658	[-56.6636,-560.949,207.389]
[-11.7935,51.8257,-29.6511]	6505.014654	[-52.8179,-522.975,203.366]
[-12.2663,47.7128,-27.8253]	6505.023664	[-52.898,-475.469,192.659]
[-12.7645,44.1296,-26.1178]	6505.032753	[-55.0632,-418.685,179.159]
[-13.2876,41.1075,-24.6978]	6505.041754	[-58.096,-364.202,151.233]
[-13.8652,38.7076,-23.3261]	6505.050778	[-63.4824,-298.578,146.65]
[-14.5157,36.84,-22.2154]	6505.059914	[-70.1543,-239.483,119.34]
[-15.2659,35.65,-21.2273]	6505.068953	[-80.7813,-173.049,108.213]
[-16.1492,35.1454,-20.442]	6505.077902	[-94.7691,-105.444,88.4754]
[-17.1477,35.1781,-20.0143]	6505.087085	[-104.903,-42.5835,50.6639]
[-18.2461,35.8752,-19.9034]	6505.095961	[-118.15,24.7448,20.1004]
[-19.5166,37.1126,-19.9831]	6505.105025	[-135.202,91.1492,-1.82398]
[-21.0099,39.0063,-20.0888]	6505.113806	[-162.017,165.049,-3.73071]
[-22.8293,41.364,-20.3783]	6505.123138	[-188.212,217.536,-24.4165]
[-25.0025,44.2634,-20.7916]	6505.132149	[-227.195,275.234,-34.3631]
[-27.5679,47.6088,-21.2635]	6505.14115	[-268.234,328.479,-39.9758]
[-30.5116,51.2234,-21.7026]	6505.150326	[-306.65,360.61,-37.7693]
[-33.7972,54.9906,-22.0417]	6505.159281	[-350.831,382.901,-27.2072]
[-37.4223,58.7581,-22.2173]	6505.168279	[-390.514,381.651,-10.8258]
[-41.344,62.3886,-22.1651]	6505.177442	[-418.136,355.221,12.6441]
[-45.4563,65.7368,-21.8768]	6505.186458	[-442.253,321.176,38.4216]
[-49.7584,68.7264,-21.3533]	6505.195226	[-472.954,286.412,64.995]
[-54.3772,71.3665,-20.5012]	6505.204459	[-491.085,240.029,96.8656]
[-59.1666,73.5885,-19.2948]	6505.213599	[-508.12,198.239,135.267]
[-64.0848,75.3812,-17.7287]	6505.222555	[-526.272,159.173,175.798]
[-69.1297,76.7315,-16.0023]	6505.231361	[-549.201,119.197,193.981]
[-74.2364,77.7047,-14.0083]	6505.240601	[-535.953,80.0214,216.974]
[-79.2043,78.3443,-11.8085]	6505.249669	[-525.503,54.9339,240.614]
[-83.9006,78.6823,-9.44585]	6505.258463	[-506.995,31.1366,263.017]
[-163.791,109.888,-8.07067]	6505.267714	[-253.929,92.827,-39.8105]
[-164.267,109.671,-8.36085]	6505.276917	[540.494,-292.497,-25.4426]
[-163.042,107.859,-8.89205]	6505.285695	[788.307,-452.091,-16.4473]
[-159.731,104.594,-9.22789]	6505.297434	[385.514,-351.262,-6.31384]
[-108.34,78.6701,-0.620693]	6505.308325	[-982.764,23.404,-93.0962]
[-47.1872,174.943,63.5803]	6505.323038	[-279.876,960.708,429.821]
[-107.681,78.2434,0.12214]	6505.3313	[-52.4019,-60.2681,32.0628]
[-107.372,78.0148,0.495826]	6505.340277	[16.0923,-53.6975,54.6977]
[-106.556,77.3083,1.13335]	6505.349515	[98.6875,-156.63,-93.5559]
[-105.84,76.7133,1.59389]	6505.358677	[64.7569,-52.4617,-14.5765]
[-104.772,75.9169,2.02027]	6505.367544	[158.144,-92.6432,-31.8173]
[-103.493,75.0935,2.20534]	6505.376493	[152.395,-61.3777,-83.7282]
[-101.669,74.1079,2.06433]	6505.385785	[206.627,-73.0898,-106.795]
[-99.1709,72.9961,1.4547]	6505.394699	[262.717,-78.7815,-133.314]
[-95.7498,71.7527,0.202538]	6505.403787	[310.99,-80.5881,-162.722]
[-91.6105,70.5054,-1.66894]	6505.412543	[364.677,-87.6395,-195.183]
[-86.7204,69.2822,-4.0701]	6505.421933	[406.776,-87.4478,-207.812]
[-81.7604,68.1894,-6.58042]	6505.430936	[455.086,-94.6083,-231.376]
[-77.2573,67.282,-8.71508]	6505.440026	[499.188,-97.1474,-230.565]
[-72.3993,66.3363,-10.9304]	6505.448799	[546.93,-103.645,-243.552]
[-67.1388,65.3498,-13.2145]	6505.458078	[570.76,-105.289,-242.362]
[-61.5548,64.3653,-15.4859]	6505.466884	[616.44,-106.258,-242.966]
[-55.5652,63.3809,-17.7275]	6505.476162	[631.008,-102.013,-227.486]
[-49.2428,62.412,-19.9286]	6505.48516	[662.525,-100.388,-224.098]
[-42.5992,61.4418,-22.1043]	6505.494174	[683.656,-100.648,-221.233]
[-35.6818,60.5054,-24.2721]	6505.503289	[691.85,-96.0805,-219.052]
[-28.5158,59.5641,-26.3257]	6505.512282	[717.696,-97.5298,-207.066]
[-21.118,58.5821,-28.2973]	6505.521295	[739.031,-102.486,-199.578]
[-1.02494,56.1138,-32.5546]	6505.548408	[762.297,-108.607,-183.691]
[8.42176,54.6717,-34.449]	6505.557584	[778.242,-111.502,-146.815]
[16.9506,53.4122,-35.9042]	6505.56657	[791.456,-111.223,-122.818]
[25.0705,52.2606,-37.1095]	6505.575578	[797.56,-109.658,-110.008]
[32.8826,51.2422,-38.0725]	6505.584654	[795.895,-100.662,-92.7771]
[40.425,50.3563,-38.8797]	6505.593651	[799.344,-90.5872,-83.7265]
[67.4888,48.9819,-40.9578]	6505.629781	[809.166,0.314071,-75.8825]
[72.1441,49.0731,-41.6205]	6505.638697	[830.619,9.10576,-103.73]
[77.5185,49.2021,-42.5737]	6505.647702	[834.172,14.7151,-132.038]
[83.4151,49.5702,-43.1445]	6505.656919	[814.585,41.8029,-78.699]
[74.2281,136.038,85.9827]	6505.73829	[-57.977,-89.1765,-18.5044]
[73.9781,135.857,86.0937]	6505.747274	[-129.978,-105.369,47.5025]
[-166.4,115.272,-6.50804]	6505.756254	[-44.9791,22.455,18.8501]
[-166.384,115.215,-6.45719]	6505.765252	[-25.574,14.0978,10.8673]
[-166.364,115.052,-6.42788]	6505.774233	[-18.7709,-5.64125,8.01661]
[-166.108,114.962,-6.47955]	6505.78345	[18.3825,2.83962,-4.39133]
[-166.03,114.745,-6.51275]	6505.792669	[-9.11653,-19.5966,-0.956572]
[100.395,54.9742,-48.7477]	6505.801302	[-938.029,-58.8382,244.728]
[95.8347,54.9195,-47.8979]	6505.810496	[-843.267,-20.6557,172.392]
[90.9938,55.0879,-47.3723]	6505.819578	[-780.491,12.6563,105.927]
[85.7491,55.4824,-46.9636]	6505.828487	[-750.773,43.1689,73.5735]
[80.285,56.24,-46.8947]	6505.837693	[-694.245,85.9333,17.5069]
[74.6718,57.4593,-47.0087]	6505.846549	[-658.019,143.416,-11.948]
[69.039,59.1872,-47.4234]	6505.855747	[-603.123,200.446,-52.3105]
[63.5219,61.4648,-48.0027]	6505.864768	[-562.837,267.529,-70.8728]
[58.2652,64.3068,-48.8535]	6505.873819	[-511.705,333.651,-103.8]
[53.3193,67.6944,-49.9734]	6505.882736	[-472.715,399.24,-135.864]
[-167.044,113.125,-8.48017]	6505.891772	[-489.261,285.603,-98.3864]
[-166.914,112.268,-8.72774]	6505.900922	[184.201,-330.112,14.3775]
[-166.488,111.404,-8.93429]	6505.909836	[151.133,-179.729,-15.0522]
[-166.21,110.756,-9.14999]	6505.918783	[59.3119,-99.8654,-20.0564]
[-166.035,110.315,-9.42162]	6505.928099	[31.9254,-54.7543,-28.2283]
[-167.167,110.918,-9.79356]	6505.936821	[-230.834,136.393,-44.4347]
[17.4643,163.351,-68.1489]	6506.045549	[29.8507,557.305,-17.0992]
[17.8356,168.506,-68.238]	6506.054646	[46.9467,528.485,-8.72386]
[18.3642,173.484,-68.341]	6506.063437	[62.4357,514.707,-11.0584]
[18.9938,177.989,-68.1774]	6506.072661	[68.3858,450.512,18.8223]
[19.703,182.114,-68.1413]	6506.081594	[77.3162,437.216,3.24115]
[20.4536,185.794,-67.9559]	6506.090674	[79.781,392.294,19.8434]
[21.1971,188.905,-67.6675]	6506.09969	[78.3748,344.33,30.6827]
[21.9288,191.63,-67.2918]	6506.10879	[77.2156,307.832,40.0184]
[22.6418,193.99,-66.9159]	6506.117916	[73.6074,274.782,38.8532]
[23.2964,195.842,-66.5364]	6506.126829	[69.0516,230.712,39.9788]
[23.9002,197.316,-66.2267]	6506.135768	[63.948,191.292,32.5926]
[24.4402,198.344,-65.8539]	6506.144851	[56.77,145.411,38.9477]
[24.864,198.797,-65.5207]	6506.153989	[45.7074,85.8418,35.4122]
[25.1259,198.622,-65.1918]	6506.16309	[31.7328,20.9146,39.0424]
[25.2793,198.007,-64.8837]	6506.17216	[17.8523,-35.3421,36.2216]
[25.3283,196.911,-64.607]	6506.180966	[3.0267,-92.3867,28.2657]
[25.2328,195.226,-64.3746]	6506.190075	[-14.5172,-157.435,20.5198]
[24.9698,193.02,-64.1267]	6506.199218	[-32.0165,-215.027,25.6311]
[24.5346,190.289,-63.9555]	6506.208281	[-50.0313,-281.522,13.8266]
[23.9376,187.161,-63.8559]	6506.217166	[-67.5425,-330.628,7.10281]
[23.1618,183.483,-63.7776]	6506.2261	[-84.9413,-396.213,7.36069]
[22.226,179.221,-63.7109]	6506.235222	[-97.6277,-451.737,6.46571]
[21.1824,174.53,-63.7454]	6506.244412	[-104.312,-477.116,-7.09826]
[19.969,168.984,-63.7038]	6506.253144	[-111.004,-527.848,7.75683]
[18.7337,162.861,-63.626]	6506.262378	[-107.935,-557.243,8.29687]
[17.7056,157.225,-63.4552]	6506.271376	[-103.644,-581.954,18.7477]
[16.7379,151.431,-63.1212]	6506.280469	[-98.8475,-599.036,35.7709]
[15.8522,145.51,-62.7248]	6506.289409	[-91.6983,-618.423,42.5981]
[15.0059,139.493,-62.1175]	6506.298683	[-86.6718,-605.161,63.934]
[14.2247,133.545,-61.5082]	6506.307564	[-82.5637,-617.905,65.3577]
[13.4461,127.582,-60.6913]	6506.316464	[-83.0636,-619.743,88.7212]
[12.6571,121.55,-59.751]	6506.325563	[-83.2539,-616.156,100.35]
[11.8622,115.64,-58.6544]	6506.334597	[-84.5575,-608.888,117.467]
[11.0497,109.818,-57.4667]	6506.343588	[-86.7624,-606.358,126.588]
[10.2043,103.94,-56.1547]	6506.352954	[-87.971,-596.625,136.804]
[9.39691,98.4955,-54.7976]	6506.361666	[-90.6072,-605.257,151.826]
[8.56251,93.0354,-53.2584]	6506.370824	[-89.9367,-581.142,166.927]
[7.78137,87.8682,-51.7234]	6506.37995	[-85.0312,-561.564,166.359]
[7.05163,82.982,-50.1678]	6506.389005	[-80.0678,-541.363,168.871]
[6.36245,78.3796,-48.4997]	6506.39805	[-76.0009,-517.931,182.07]
[5.71522,74.0961,-46.8141]	6506.406986	[-72.6439,-494.657,184.9]
[5.08135,69.921,-45.1586]	6506.41616	[-69.1843,-469.781,174.689]
[4.45346,66.0824,-43.5941]	6506.425128	[-71.7381,-448.946,171.043]
[3.76021,62.3787,-42.0019]	6506.434317	[-78.0468,-422.205,172.738]
[3.01427,59.1099,-40.4738]	6506.443066	[-90.9229,-402.439,178.302]
[2.09285,55.8361,-38.8346]	6506.452321	[-105.714,-374.865,180.665]
[1.00821,52.8778,-37.2329]	6506.46138	[-129.576,-353.722,181.465]
[-0.290677,50.2206,-35.6042]	6506.470201	[-162.705,-333.189,194.082]
[-1.92051,47.578,-33.8556]	6506.479468	[-192.117,-310.573,194.889]
[-3.78009,45.2223,-32.1349]	6506.48844	[-229.042,-290.55,199.976]
[-6.00081,42.9807,-30.3524]	6506.497612	[-265.58,-264.15,199.294]
[-8.51429,40.9921,-28.6541]	6506.506548	[-311.839,-238.732,191.624]
[-11.4099,39.232,-26.9462]	6506.5155	[-357.153,-202.575,193.76]
[-14.6878,37.7483,-25.1421]	6506.52457	[-392.081,-160.756,206.14]
[-18.2817,36.6054,-23.2311]	6506.533653	[-419.511,-119.967,218.702]
[-22.2388,35.7909,-21.2773]	6506.542658	[-455.889,-86.005,214.754]
[-26.5838,35.2869,-19.3443]	6506.551589	[-491.19,-50.4198,203.007]
[-31.4513,35.1403,-17.1846]	6506.560702	[-535.948,-0.25886,236.88]
[-36.541,35.3267,-14.8844]	6506.569782	[-545.604,31.1971,251.242]
[-42.2708,35.3932,-13.5316]	6506.578918	[-618.811,5.74942,4.79977]
[-47.0352,35.8339,-11.34]	6506.587913	[-574.381,96.9971,590.747]
[-51.8487,36.5049,-8.77605]	6506.596914	[-585.423,102.919,409.362]
[-56.8033,37.3105,-6.02219]	6506.60591	[-581.644,96.5781,349.995]
[-61.958,38.3076,-3.061]	6506.614998	[-545.225,84.7378,324.324]
[3.97027e-311,2.16763e-314,2.12291e-314]	6506.714392	[472.884,653.437,244.8]
[3.97027e-311,2.16763e-314,2.12291e-314]	6506.723352	[454.652,-1618.25,-165.142]
[2.13447e-314,-6.85457,43.8202]	6506.732576	[-54.513,-114.381,-50.5348]
[18.0198,218.249,65.8421]	6506.777596	[135.754,15.1375,116.004]
[18.3704,252.327,82.6972]	6506.786792	[96.0043,-281.169,-447.262]
[2.13447e-314,-6.85457,43.8202]	6506.804784	[-151.914,116.379,107.87]
[2.13447e-314,-6.85457,43.8202]	6506.841039	[-150.37,-469.79,-154.157]
[2.13447e-314,-6.85457,43.8202]	6506.849997	[40.023,-72.8314,12.6795]
[-60.746,41.8232,-2.13101]	6506.85903	[448.33,-45.5916,-246.321]
[2.13447e-314,-6.85457,43.8202]	6506.868027	[-6954.37,-2828.46,-3272.98]
[-47.5843,40.33,-8.41188]	6506.886207	[482.493,-52.9494,-236.435]
[-44.6791,39.9927,-9.72812]	6506.895187	[517.591,-59.4574,-238.2]
[-41.391,39.6959,-11.0294]	6506.904168	[518.072,-49.2474,-213.466]
[-37.637,39.3856,-12.4592]	6506.913117	[526.441,-45.7488,-207.107]
[-33.4473,39.1133,-13.9945]	6506.922282	[525.597,-36.7175,-197.825]
[-28.954,38.8668,-15.7154]	6506.931457	[522.643,-30.7049,-203.423]
[-24.1866,38.6851,-17.3811]	6506.940437	[533.279,-21.8235,-189.266]
[-20.1632,38.2092,-19.8694]	6506.94942	[517.987,-56.839,-320.468]
[-15.9938,37.6634,-22.0204]	6506.95852	[554.62,-69.4906,-299.536]
[-11.963,37.4031,-23.5982]	6506.96759	[543.708,-41.6495,-230.108]
[16.4052,35.2422,-31.8222]	6507.003639	[550.119,-42.0722,-67.7674]
[18.8721,35.8111,-30.8976]	6507.012563	[528.966,82.3869,134.853]
[21.5318,36.1184,-30.5773]	6507.021792	[521.78,53.2882,61.1442]
[24.5827,36.3258,-30.4896]	6507.030794	[520.771,36.6026,23.3345]
[28.7633,36.5071,-30.4944]	6507.039748	[515.276,22.888,2.12465]
[33.3906,36.5991,-30.6854]	6507.048975	[502.356,8.56423,-26.6206]
[38.0906,36.6228,-31.0238]	6507.057905	[490.248,-0.190275,-45.845]
[42.7134,36.6442,-31.3961]	6507.0669	[474.962,0.688022,-45.2511]
[47.1503,36.671,-31.8984]	6507.075662	[459.453,2.15089,-63.6676]
[51.3529,36.7646,-32.3868]	6507.085008	[424.006,10.6974,-55.0691]
[55.2263,36.9393,-32.825]	6507.094041	[391.207,20.6984,-46.2481]
[61.9081,39.2392,-33.7599]	6507.175313	[-263.567,41.7522,55.7871]
[61.8018,39.9807,-33.6186]	6507.184404	[-291.742,37.8936,63.0837]
[59.5893,40.286,-33.2195]	6507.193384	[-324.2,27.6439,57.4266]
[56.8154,40.3924,-32.7518]	6507.20253	[-358.99,17.5036,61.9796]
[53.4911,40.4071,-32.1716]	6507.211525	[-404.546,5.26564,71.1809]
[49.6653,40.263,-31.5029]	6507.220655	[-445.497,-13.5077,77.9735]
[24.7962,35.1774,-30.5739]	6507.256797	[-634.743,-126.972,139.744]
[21.6039,35.0148,-27.4908]	6507.265584	[-657.332,-54.2959,549.06]
[18.2551,34.0532,-26.9178]	6507.274694	[-660.287,-158.493,90.7704]
[14.7213,33.1173,-25.975]	6507.283699	[-662.334,-157.873,168.654]
[10.9765,32.5933,-23.1868]	6507.292898	[-640.337,-94.4102,601.555]
[6.93534,32.1152,-20.445]	6507.301761	[-637.584,-80.1708,441.503]
[2.17379,31.7501,-17.5752]	6507.310905	[-630.884,-47.8141,310.311]
[-4.83342,31.545,-13.7714]	6507.32003	[-621.504,9.16524,243.935]
[-12.1761,32.0379,-10.8229]	6507.329013	[-830.294,122.915,235.028]
[-17.5368,32.1663,-8.44711]	6507.338159	[-316.234,17.2837,156.344]
[-23.93,32.5723,-6.32553]	6507.347167	[-726.111,70.6087,194.43]
[-29.9106,33.0285,-4.41312]	6507.356157	[-572.743,76.3785,179.128]
[-43.6143,34.9718,-2.18034]	6507.365273	[-384.782,120.162,927.52]
[-45.5189,35.5349,-0.250906]	6507.374261	[-395.557,118.469,494.529]
[-46.5888,36.142,0.84632]	6507.383281	[-263.771,119.947,307.051]
[-48.7594,36.6039,0.25817]	6507.392217	[-389.581,97.818,9.85815]
[-50.2105,37.3927,1.39372]	6507.401447	[-270.999,128.756,278.817]
[-51.8659,38.2726,2.38539]	6507.410314	[-266.646,128.887,188.029]
[-53.5854,39.2516,3.17759]	6507.419405	[-248.8,131.628,113.397]
[-55.4592,40.5941,3.83877]	6507.428655	[-214.025,149.279,48.9219]
[-57.3145,42.294,4.13333]	6507.437571	[-189.214,179.389,-28.1181]
[-59.0037,44.3694,3.99201]	6507.446485	[-159.441,217.996,-91.9246]
[-60.3657,46.8819,3.47124]	6507.455773	[-111.23,261.164,-126.651]
[-61.3978,49.7987,2.45432]	6507.464669	[-71.9527,310.287,-195.664]
[-62.0446,53.1428,0.975072]	6507.473654	[-24.1059,360.686,-246.676]
[-62.061,56.9326,-0.92738]	6507.482764	[67.0829,404.633,-278.323]
[-61.7418,61.1494,-3.33556]	6507.491596	[93.1128,459.15,-351.414]
[-60.9638,65.8331,-6.12023]	6507.500853	[146.173,502.896,-357.906]
[-59.7281,71.0836,-9.14161]	6507.509591	[200.878,579.744,-362.521]
[-58.2188,76.8976,-12.4153]	6507.518865	[205.983,631.54,-377.239]
[-56.3286,83.3146,-15.6565]	6507.527952	[243.216,688.336,-328.147]
[-54.2434,90.2813,-18.905]	6507.536827	[247.774,743.327,-330.915]
[-51.9551,97.8,-21.9831]	6507.546031	[256.547,761.324,-293.356]
[-49.5185,105.687,-24.8329]	6507.555035	[264.419,773.67,-262.409]
[-46.9141,113.793,-27.4126]	6507.564036	[279.167,767.502,-229.653]
[-44.2483,121.961,-29.8073]	6507.572963	[278.072,763.673,-215.907]
[-41.5837,130.019,-31.9957]	6507.58213	[266.104,727.441,-193.915]
[-38.9108,137.575,-33.721]	6507.591162	[267.011,693.002,-143.594]
[-36.474,144.703,-35.3974]	6507.600282	[236.277,674.626,-153.597]
[-34.1376,150.943,-36.4612]	6507.609174	[233.088,618.104,-88.4256]
[-31.9839,156.533,-37.301]	6507.618279	[211.142,563.392,-73.2382]
[-30.0663,161.191,-37.9274]	6507.627369	[189.913,490.224,-59.8574]
[-28.4011,164.981,-38.2451]	6507.636368	[167.848,424.91,-35.0287]
[-27.0044,167.924,-38.316]	6507.645334	[144.841,352.637,-14.6105]
[-25.9169,170.102,-38.4706]	6507.654265	[117.671,284.57,-26.6508]
[-25.0524,171.55,-38.5195]	6507.663526	[95.0918,209.363,-16.1033]
[-24.4462,172.112,-38.5431]	6507.672544	[74.4856,131.14,-14.8666]
[-24.0586,171.966,-38.6955]	6507.681435	[54.3957,60.4172,-26.2054]
[-23.7584,171.144,-38.6061]	6507.690649	[43.6232,-9.11808,-2.29121]
[-23.6449,169.634,-38.7912]	6507.699606	[27.2565,-78.698,-27.5959]
[-23.5082,167.202,-38.6792]	6507.708653	[29.0843,-175.917,1.06813]
[-23.4312,163.907,-38.8412]	6507.717815	[23.2869,-276.81,-25.495]
[-23.2845,159.828,-39.1594]	6507.726851	[30.5684,-389.805,-41.0291]
[-23.0007,154.713,-39.5339]	6507.735661	[46.5475,-549.759,-47.1323]
[-22.5573,148.801,-39.9116]	6507.744907	[58.0215,-636.062,-43.8232]
[-22.0006,142.106,-40.2994]	6507.7537	[73.0179,-759.545,-46.5975]
[-21.3152,134.679,-40.4945]	6507.762907	[81.5101,-790.482,-20.5462]
[-20.6414,126.804,-40.4564]	6507.771708	[81.4434,-842.497,6.16163]
[-19.9608,118.474,-40.1538]	6507.781032	[75.49,-817.42,37.6062]
[-19.3174,110.018,-39.5801]	6507.790078	[72.9853,-827.697,67.1908]
[-18.7691,101.688,-38.7279]	6507.799031	[61.9919,-802.649,99.7556]
[-18.3724,93.7157,-37.6127]	6507.808003	[44.3477,-748.027,128.662]
[-18.0959,86.2428,-36.2784]	6507.816988	[31.541,-703.218,150.758]
[-17.8232,69.107,-32.801]	6507.844385	[4.80307,-616.696,168.622]
[-18.7192,63.4843,-30.0093]	6507.853286	[-65.732,-496.785,237.833]
[-19.8864,58.6346,-27.4853]	6507.862362	[-117.216,-465.934,237.025]
[-21.4967,54.4785,-24.8342]	6507.871411	[-174.972,-430,267.822]
[-23.6287,50.7994,-22.072]	6507.880411	[-236.758,-405.928,286.555]
[-26.3369,47.6144,-18.9181]	6507.889392	[-302.203,-366.709,334.049]
[-29.6742,44.9397,-15.6347]	6507.898528	[-368.91,-312.946,342.383]
[-33.6428,43.0446,-12.1267]	6507.90759	[-440.005,-234.894,368.246]
[-38.1957,41.9535,-8.65529]	6507.916478	[-512.423,-149.256,367.235]
[-43.2129,41.409,-5.51777]	6507.925735	[-563.049,-77.7748,325.665]
[-48.2102,41.4473,-1.76721]	6507.934428	[-564.689,-23.2047,429.534]
[-53.3614,41.9178,2.17815]	6507.943571	[-560.897,33.1436,433.68]
[-58.4315,42.8876,6.04211]	6507.952793	[-527.445,85.6579,409.609]
[-63.45,44.2583,9.59139]	6507.961842	[-515.645,125.503,367.292]
[-68.2127,46.0251,12.8937]	6507.970782	[-484.465,174.492,343.02]
[-72.6352,48.269,15.8619]	6507.979831	[-436.696,230.781,301.368]
[-76.3713,50.8281,18.2087]	6507.988922	[-348.492,260.477,226.899]
[-79.3262,53.6605,19.7902]	6507.997904	[-265.493,287.569,143.119]
[-81.4012,56.7793,20.6362]	6508.006963	[-172.612,312.846,65.892]
[-82.6498,60.1896,20.5928]	6508.016038	[-97.8007,339.412,-24.6709]
[-82.9987,63.7876,19.7496]	6508.025024	[-16.3857,358.477,-100.432]
[-82.5616,67.597,18.1676]	6508.034064	[55.5341,378.815,-172.308]
[-81.3957,71.5676,15.9122]	6508.043112	[124.869,395.996,-239.925]
[-79.5884,75.6504,13.1272]	6508.052161	[188.885,409.311,-292.744]
[-77.1667,79.7679,9.9795]	6508.060992	[258.756,423.359,-330.401]
[-74.2525,84.0607,6.51405]	6508.070422	[300.088,423.46,-347.676]
[-70.8943,88.2158,2.80511]	6508.079233	[352.572,430.746,-380.85]
[-67.0776,92.4628,-0.979243]	6508.088295	[396.694,433.411,-368.008]
[-62.9372,96.6641,-4.82381]	6508.097399	[416.032,425.932,-364.177]
[-58.6589,100.824,-8.63426]	6508.106406	[420.633,427.568,-359.091]
[-54.2076,104.848,-12.3795]	6508.115411	[441.28,415.371,-352.242]
[-49.6298,108.755,-15.9036]	6508.124531	[452.492,402.801,-320.874]
[-45.0068,112.429,-19.2927]	6508.133533	[462.609,386.905,-320.641]
[-40.3018,115.87,-22.4213]	6508.142494	[474.58,367.7,-293.734]
[-35.5567,119.111,-25.4122]	6508.151665	[467.976,343.662,-281.94]
[-30.8374,121.97,-28.1159]	6508.160622	[477.625,315.053,-263.485]
[-26.0845,124.527,-30.6134]	6508.169666	[479.673,284.329,-247.181]
[-21.3959,126.673,-32.8622]	6508.1787	[476.265,244.378,-228.979]
[-16.8406,128.451,-34.8503]	6508.187716	[466.836,208.588,-209.178]
[-12.476,129.829,-36.6509]	6508.196674	[454.661,169.237,-196.674]
[-8.29088,130.818,-38.1768]	6508.205784	[436.757,124.978,-169.638]
[-4.34755,131.229,-39.4842]	6508.214908	[417.274,63.4294,-150.355]
[-0.666749,131.09,-40.53]	6508.223908	[400.263,6.90594,-127.536]
[2.78176,130.361,-41.4901]	6508.232915	[380.322,-57.6866,-119.129]
[5.97804,128.938,-42.2809]	6508.24204	[353.618,-133.938,-100.221]
[8.80804,126.79,-42.8459]	6508.251039	[322.786,-214.796,-78.1146]
[11.2734,123.948,-43.1761]	6508.260045	[286.132,-293.423,-52.7154]
[13.4155,120.401,-43.413]	6508.269158	[250.078,-370.554,-41.225]
[15.1931,116.027,-43.4006]	6508.278129	[215.693,-472.472,-15.1054]
[16.7067,110.879,-43.3089]	6508.287164	[183.496,-571.51,-3.49626]
[17.9137,104.891,-42.8366]	6508.296168	[150.469,-670.345,39.1836]
[18.8549,98.191,-42.1653]	6508.305083	[121.222,-757.023,62.4005]
[19.5599,90.8,-41.1854]	6508.314254	[87.5679,-808.965,99.3908]
[19.9034,82.8321,-39.853]	6508.323286	[50.2607,-853.143,138.191]
[19.9318,74.4847,-38.1027]	6508.332415	[12.6987,-852.145,186.915]
[19.6523,66.1455,-36.1199]	6508.34115	[-15.7363,-849.518,212.463]
[19.2404,57.9549,-33.9655]	6508.350379	[-34.116,-755.72,223.594]
[14.8095,38.1343,-29.2981]	6508.377575	[-76.7594,-485.205,148.832]
[14.4334,36.1688,-28.5239]	6508.38642	[-79.9679,-437.861,162.418]
[14.09,34.4105,-27.7451]	6508.395575	[-72.9316,-388.945,158.676]
[13.8139,32.8611,-26.9347]	6508.404664	[-61.1645,-341.727,157.688]
[13.554,31.6696,-26.2622]	6508.413724	[-55.5598,-276.688,135.167]
[13.1849,31.1233,-25.9167]	6508.422556	[-65.7382,-175.806,88.7403]
[12.829,31.0817,-25.6845]	6508.431797	[-61.3128,-96.5204,67.7946]
[12.5811,31.4894,-25.655]	6508.440548	[-46.2362,-25.3412,37.2627]
[12.4999,32.3,-25.809]	6508.449645	[-24.8742,34.0716,10.8622]
[12.3357,34.1097,-25.4194]	6508.459022	[-30.6523,154.095,64.8234]
[12.2661,36.6307,-25.3841]	6508.467974	[-16.49,249.714,15.228]
[12.3143,40.1874,-25.7355]	6508.477036	[-0.263009,382.231,-39.1371]
[12.5963,45.9986,-26.7404]	6508.485807	[27.1625,576.386,-123.909]
[13.1685,52.8148,-28.0997]	6508.49491	[61.3079,670.065,-157.69]
[14.0425,59.977,-29.7054]	6508.504166	[98.5738,683.308,-184.528]
[15.1945,67.2454,-31.484]	6508.513041	[136.901,713.159,-210.555]
[16.6074,74.7114,-33.2489]	6508.522054	[167.798,713.879,-189.395]
[18.2227,82.2871,-35.0091]	6508.531201	[190.02,702.192,-187.764]
[19.9961,89.8781,-36.6974]	6508.54014	[210.987,723.616,-179.576]
[21.9832,97.6232,-38.1496]	6508.549367	[226.942,698.335,-122.851]
[24.2049,105.164,-39.5532]	6508.558285	[253.093,706.203,-133.363]
[26.6603,112.457,-40.9021]	6508.567412	[269.543,661.94,-125.429]
[29.3851,119.301,-42.112]	6508.576452	[291.982,642.761,-103.202]
[32.3182,125.539,-43.2016]	6508.585407	[316.326,607.085,-97.1379]
[35.4365,131.165,-44.2325]	6508.594525	[331.342,549.916,-96.6671]
[38.6796,136.072,-45.0185]	6508.603527	[344.804,504.98,-67.9701]
[42.0722,140.313,-45.6382]	6508.612494	[360.55,457.541,-54.5521]
[45.5568,143.878,-46.1903]	6508.621651	[363.211,396.348,-51.4227]
[49.0678,146.763,-46.7292]	6508.630506	[372.273,349.88,-55.1903]
[52.5648,148.891,-47.1022]	6508.639567	[364.615,267.744,-38.2045]
[56.0024,150.3,-47.4938]	6508.648696	[356.771,192.662,-41.3225]
[59.2392,150.77,-47.7023]	6508.657712	[338.748,94.2276,-23.4371]
[62.2573,150.334,-47.7979]	6508.666792	[315.069,-4.81414,-12.238]
[65.0529,149.142,-48.0117]	6508.675778	[296.109,-87.4568,-25.264]
[67.4836,146.977,-48.1366]	6508.684768	[259.255,-198.377,-16.1563]
[69.6392,144.006,-48.2635]	6508.693902	[229.793,-290.377,-15.911]
[71.4604,140.141,-48.4291]	6508.702912	[198.701,-399.753,-20.3344]
[72.9617,135.346,-48.5053]	6508.71204	[163.721,-510.504,-10.7009]
[74.1196,129.728,-48.4414]	6508.720954	[131.196,-621.81,3.78838]
[74.9931,123.302,-48.2518]	6508.729998	[98.5117,-707.848,17.358]
[75.5692,116.245,-47.9149]	6508.73907	[65.7664,-768.262,33.1065]
[75.8327,108.767,-47.3203]	6508.74809	[31.769,-802.322,61.5607]
[75.8038,101.084,-46.4779]	6508.757	[0.162505,-815.203,90.0317]
[75.4425,93.2159,-45.369]	6508.766224	[-39.4036,-788.601,118.023]
[74.6893,85.5338,-43.9934]	6508.775195	[-81.2082,-771.278,148.641]
[73.6009,78.0736,-42.4592]	6508.784317	[-117.831,-726.65,163.997]
[72.0493,71.0866,-40.6866]	6508.793098	[-173.113,-706.778,193.985]
[70.1921,64.451,-38.8085]	6508.802241	[-200.671,-644.549,199.865]
[68.0251,58.3569,-36.8676]	6508.811417	[-228.906,-596.959,203.346]
[65.5751,52.9394,-34.8428]	6508.820422	[-258.304,-550.816,213.3]
[62.8245,48.1305,-32.7252]	6508.829528	[-287.782,-493.818,221.451]
[59.9109,44.0977,-30.7669]	6508.838282	[-308.606,-443.492,207.172]
[56.7514,40.5585,-28.9941]	6508.847482	[-325.392,-381.64,181.276]
[53.349,37.8377,-27.2494]	6508.856625	[-348.243,-309.133,179.141]
[49.7757,35.9696,-25.4126]	6508.865656	[-367.891,-229.355,191.907]
[46.2796,34.8991,-23.7052]	6508.874667	[-359.145,-147.674,178.985]
[43.0154,34.5917,-22.1471]	6508.883884	[-329.728,-64.4349,161.528]
[40.454,34.3232,-22.4021]	6508.892881	[-287.195,-42.4209,-36.6053]
[38.2255,34.9041,-22.5062]	6508.901764	[-261.652,39.5158,-23.7398]
[36.3076,36.4484,-22.5969]	6508.910796	[-229.216,120.209,-21.1953]
[34.6166,39.5927,-21.6615]	6508.919734	[-206.639,251.061,89.2849]
[33.29,43.7392,-21.3046]	6508.928969	[-166.756,336.761,21.719]
[32.4863,48.9265,-21.5585]	6508.937934	[-115.912,458.027,-55.0478]
[32.3948,55.5491,-22.7253]	6508.94704	[-32.029,572.79,-165.443]
[32.9593,62.4705,-24.1451]	6508.955874	[61.8005,671.521,-157.973]
[34.1334,69.4593,-25.7287]	6508.965084	[147.418,665.724,-169.151]
[38.3244,85.9817,-29.3625]	6508.991984	[234.858,664.25,-191.275]
[42.4694,94.5152,-32.0887]	6509.00091	[310.633,649.845,-183.452]
[46.2185,102.114,-34.2091]	6509.010284	[306.201,602.415,-128.999]
[49.7364,108.868,-35.9941]	6509.019287	[318.747,607.63,-138.025]
[53.1236,115.116,-37.5424]	6509.02829	[318.655,597.124,-127.308]
[56.4244,120.874,-38.886]	6509.037392	[308.307,558.588,-107.431]
[59.5525,126.039,-40.0212]	6509.046407	[296.647,519.222,-93.2121]
[62.497,130.756,-41.0677]	6509.05541	[281.7,491.679,-95.8205]
[65.1263,134.936,-41.8785]	6509.064534	[245.494,431.305,-65.3398]
[67.3953,138.65,-42.5524]	6509.07358	[214.649,402.809,-59.4657]
[69.2016,141.853,-43.052]	6509.082461	[173.62,365.419,-46.4498]
[70.5438,144.704,-43.5225]	6509.091311	[131.098,336.82,-48.3463]
[71.2529,147.321,-43.7687]	6509.100494	[65.2389,305.851,-25.5435]
[71.2029,149.594,-43.8272]	6509.109657	[-6.68848,275.161,-8.55911]
[70.4378,151.641,-43.7343]	6509.118789	[-74.4717,253.067,5.56195]
[68.9474,153.279,-43.5487]	6509.127785	[-147.173,213.921,14.5227]
[66.6913,154.61,-43.1939]	6509.136737	[-227.502,180.696,31.9628]
[63.6453,155.501,-42.6505]	6509.145947	[-309.357,128.102,51.2929]
[59.8432,155.77,-41.8861]	6509.15472	[-405.83,66.7572,75.1745]
[55.2545,155.555,-40.9543]	6509.163779	[-493.764,4.87142,92.4916]
[49.8925,154.657,-39.8175]	6509.172827	[-589.577,-78.4405,114.605]
[44.0148,153.313,-38.61]	6509.182025	[-644.832,-136.922,123.669]
[37.6866,151.328,-36.9548]	6509.191005	[-696.864,-216.131,176.059]
[30.9588,149.026,-35.1612]	6509.200044	[-730.791,-247.9,190.851]
[23.8982,146.193,-33.0164]	6509.209168	[-745.411,-312.364,230.626]
[16.6155,142.988,-30.6508]	6509.21816	[-754.717,-343.589,253.36]
[9.27407,139.318,-28.1533]	6509.22716	[-742.484,-401.556,266.288]
[2.02177,135.244,-25.6132]	6509.236321	[-701.202,-436.589,264.678]
[-4.7475,130.651,-23.0554]	6509.245123	[-664.287,-515.455,272.477]
[-11.2083,125.567,-20.5907]	6509.254274	[-607.485,-546.888,252.019]
[-17.1372,120.037,-18.1381]	6509.263417	[-561.527,-584.404,250.431]
[-22.3275,114.12,-15.6608]	6509.272179	[-521.025,-643.349,263.062]
[-27.2091,107.698,-13.4116]	6509.281415	[-480.958,-663.238,224.512]
[-31.1916,100.913,-11.1205]	6509.290582	[-397.228,-691.064,233.033]
[-34.3221,94.0354,-8.95538]	6509.299472	[-334.955,-705.163,224.353]
[-36.722,87.1045,-7.00204]	6509.308498	[-263.768,-695.157,197.851]
[-38.2913,80.4553,-5.33431]	6509.317533	[-183.536,-657.299,166.785]
[-39.0136,74.3266,-3.98507]	6509.326445	[-99.2591,-615.514,137.683]
[-38.9632,68.5946,-3.01375]	6509.335701	[-15.1874,-565.119,95.6183]
[-38.0566,63.6358,-2.5246]	6509.344658	[70.1583,-513.004,51.6316]
[-36.2968,59.3001,-2.39483]	6509.353791	[162.761,-451.629,16.5078]
[-34.7022,55.6387,-4.03168]	6509.362573	[146.796,-409.499,-229.43]
[-31.4581,52.5182,-4.38676]	6509.371794	[347.948,-344.424,0.978369]
[-27.648,50.1198,-5.25943]	6509.380665	[398.465,-291.472,-94.3365]
[-23.3149,48.2193,-6.4409]	6509.389821	[440.249,-233.504,-133.12]
[-18.2666,47.0666,-8.09581]	6509.398908	[485.774,-168.96,-169.152]
[-12.9203,46.435,-9.93384]	6509.407876	[531.926,-109.135,-184.134]
[-7.31368,46.1329,-11.8664]	6509.417072	[560.614,-62.203,-190.837]
[-1.55459,46.1749,-13.7907]	6509.425868	[608.351,-30.2606,-190.349]
[4.442,46.3215,-15.7025]	6509.435065	[612.286,-11.1941,-184.061]
[10.5876,46.5998,-17.4435]	6509.444164	[632.568,-2.02769,-153.435]
[16.8172,46.8856,-19.0939]	6509.453026	[657.36,-7.0087,-154.367]
[22.88,46.2816,-21.5664]	6509.462174	[670.822,-83.2118,-351.374]
[28.7261,46.4701,-22.4437]	6509.471293	[627.209,35.4308,40.0093]
[34.5773,46.7833,-23.393]	6509.480285	[624.069,32.9088,-64.9949]
[40.3673,47.2166,-24.3557]	6509.489243	[609.797,36.1807,-90.9546]
[-22.5244,313.395,79.9336]	6509.498411	[356.089,-87.2352,78.2397]
[-48.3462,300.244,90.0054]	6509.507487	[263.379,337.886,-200.851]
[-49.3571,301.343,90.6923]	6509.516435	[-422.737,298.649,197.538]
[58.3026,53.0789,-27.3542]	6509.525491	[377.404,113.919,-78.4155]
[59.9505,53.7641,-27.697]	6509.53454	[337.232,120.876,-68.7835]
[61.8504,54.4261,-28.191]	6509.543542	[359.356,121.054,-85.6963]
[62.8291,55.2508,-27.8503]	6509.552538	[233.052,137.395,16.7432]
[63.4516,56.1511,-27.1704]	6509.561657	[176.512,144.559,62.1671]
[64.0063,56.8105,-27.708]	6509.57044	[153.114,115.646,-93.6253]
[64.2465,57.8167,-28.4155]	6509.579654	[49.9672,115.934,-61.3501]
[63.7304,59.0279,-29.0374]	6509.588828	[-66.3862,119.139,-39.3866]
[62.2847,60.2964,-29.5427]	6509.59783	[-187.631,123.922,-32.4419]
[60.5775,61.349,-30.0532]	6509.606995	[-237.662,123.647,-53.8238]
[58.1703,62.4434,-30.2025]	6509.61586	[-355.254,144.002,-5.90555]
[55.185,63.6322,-30.1981]	6509.624956	[-419.323,152.865,8.29732]
[51.713,64.8812,-30.0985]	6509.63395	[-478.819,157.589,19.1819]
[46.2486,66.65,-29.8143]	6509.643081	[-558.567,159.713,40.3985]
[39.7828,68.6047,-29.2869]	6509.652044	[-615.443,163.86,79.6254]
[32.9383,70.5228,-28.4705]	6509.661032	[-619.56,158.842,116.365]
[26.4122,72.2631,-27.4592]	6509.669803	[-608.428,158.271,135.199]
[20.3036,73.8031,-26.3325]	6509.679167	[-550.416,146.672,138.833]
[14.8229,75.1351,-25.1324]	6509.68816	[-515.823,137.551,152.344]
[9.65562,76.382,-23.9322]	6509.697111	[-476.483,129.848,136.913]
[4.94219,77.5315,-22.7728]	6509.706093	[-432.678,121.876,129.447]
[0.6455,78.6327,-21.6128]	6509.71528	[-383.687,115.682,126.201]
[-3.08466,79.6842,-20.5023]	6509.724233	[-352.291,114.816,122.687]
[-6.45917,80.7239,-19.4225]	6509.733404	[-317.868,111.196,115.758]
[-9.32302,81.7187,-18.3983]	6509.742303	[-290.256,110.768,113.099]
[-11.864,82.7365,-17.4188]	6509.751414	[-256.278,110.356,103.846]
[-13.9575,83.7473,-16.4802]	6509.760532	[-220.013,110.149,100.275]
[-15.6663,84.7336,-15.6786]	6509.769527	[-190.561,108.084,82.8341]
[-16.9976,85.6875,-15.0151]	6509.778403	[-155.352,104.748,67.6876]
[-17.9512,86.5919,-14.4738]	6509.787311	[-115.404,98.4804,54.8984]
[-18.5903,87.4792,-14.0121]	6509.796662	[-77.964,92.2516,45.3234]
[-18.9105,88.291,-13.7145]	6509.805667	[-53.0601,87.7079,28.0541]
[-18.9526,89.0699,-13.4617]	6509.814632	[-24.8158,84.7614,27.4586]
[-18.7599,89.8338,-13.263]	6509.82375	[-0.952752,80.5639,20.5697]
[-18.3094,90.5574,-13.092]	6509.832801	[24.6341,76.8902,19.4388]
[-17.6456,91.2508,-13.0271]	6509.8418	[44.2788,73.1049,6.24052]
[-16.7462,91.9073,-13.0116]	6509.850948	[67.5188,67.2706,3.24145]
[-15.6957,92.5013,-13.1202]	6509.859862	[83.8052,64.4978,-10.0522]
[-14.5044,93.0472,-13.2825]	6509.868916	[100.847,58.5752,-14.2115]
[-13.1903,93.524,-13.5136]	6509.878083	[115.386,51.4241,-21.3567]
[-11.7661,93.8812,-13.8116]	6509.887042	[129.773,40.9465,-28.0451]
[-10.2934,94.171,-14.1326]	6509.896031	[138.077,34.8665,-30.4876]
[-8.76962,94.383,-14.454]	6509.904983	[145.199,26.8076,-30.4978]
[-7.18244,94.4649,-14.7747]	6509.914095	[151.166,13.0348,-30.1605]
[-5.68756,94.4789,-15.1746]	6509.923122	[146.451,6.62859,-39.9277]
[-4.2516,94.4133,-15.5245]	6509.932031	[145.557,-1.97721,-34.8888]
[-2.84454,94.3114,-15.8623]	6509.941274	[139.958,-6.38516,-33.3503]
[-1.57195,94.1425,-16.2226]	6509.950286	[131.162,-13.8184,-37.3399]
[-0.365672,93.9305,-16.5857]	6509.959329	[124.704,-18.404,-37.3289]
[0.749456,93.7139,-16.9511]	6509.96845	[115.021,-18.8018,-37.5669]
[1.73005,93.5043,-17.324]	6509.977462	[103.667,-18.6831,-39.525]
[2.6245,93.3089,-17.6869]	6509.986458	[95.7429,-17.2021,-38.3135]
[3.44169,93.1172,-18.0126]	6509.995582	[86.6086,-17.2741,-33.4851]
[4.16939,92.9356,-18.3129]	6510.004472	[79.9038,-15.7912,-31.9012]
[4.79986,92.7406,-18.6269]	6510.013489	[67.4643,-17.5557,-33.7038]
[5.24559,92.5505,-18.9132]	6510.022471	[55.6304,-21.0159,-36.3144]
[5.56969,92.3747,-19.1727]	6510.031664	[43.5147,-21.6905,-36.1915]
[5.80617,92.215,-19.3848]	6510.040708	[34.7948,-22.4022,-30.9189]
[5.96332,92.0671,-19.5649]	6510.049621	[23.4778,-26.2694,-32.5517]
[6.06412,91.9365,-19.7187]	6510.058818	[12.6084,-25.2027,-30.5956]
[6.12559,91.8188,-19.8405]	6510.067789	[5.58402,-25.7951,-21.6749]
[6.15573,91.7118,-19.9435]	6510.076828	[-4.77502,-26.2517,-22.4745]
[6.16423,91.6203,-20.0281]	6510.085723	[-9.70488,-23.9395,-21.2844]
[6.15731,91.5381,-20.1024]	6510.094877	[-16.1503,-20.6397,-18.3968]
[6.14025,91.4706,-20.1657]	6510.103869	[-19.8652,-15.487,-20.7781]
[6.11418,91.4086,-20.226]	6510.113036	[-22.681,-11.4632,-17.3001]
