[2.0375,87.8188,-19.0244]	946.087611
[1.80678,87.6421,-19.1]	946.10806
[1.57038,87.448,-19.1677]	946.129099
[1.34863,87.2528,-19.2186]	946.149681
[1.13735,87.0524,-19.2519]	946.170838
[0.946303,86.8565,-19.2665]	946.191677
[0.766838,86.6587,-19.2664]	946.212999
[0.622708,86.4913,-19.2466]	946.233898
[0.495667,86.336,-19.2133]	946.256374
[0.394712,86.2069,-19.1762]	946.278421
[0.31142,86.0953,-19.1378]	946.300496
[0.244795,86.0014,-19.1018]	946.322348
[0.194234,85.9264,-19.0706]	946.344332
[0.155429,85.8645,-19.0433]	946.36605
[0.125917,85.8129,-19.0186]	946.388333
[0.101878,85.7654,-18.9948]	946.410515
[0.0777337,85.7107,-18.9685]	946.432744
[0.0510523,85.6421,-18.936]	946.454352
[0.0191036,85.5477,-18.8942]	946.476201
[-0.0171016,85.4217,-18.8454]	946.497953
[-0.0554355,85.2673,-18.7944]	946.519764
[-0.086843,85.132,-18.7582]	946.541256
[-0.110619,85.0326,-18.7376]	946.562786
[-0.133262,84.9489,-18.7242]	946.58516
[-0.161873,84.8625,-18.7149]	946.607877
[-0.200081,84.7727,-18.7095]	946.630346
[-0.241214,84.6971,-18.7087]	946.651586
[-0.286066,84.6315,-18.7126]	946.672428
[-0.33333,84.5755,-18.7194]	946.693785
[-0.382638,84.527,-18.7276]	946.714786
[-0.43611,84.4822,-18.7359]	946.736374
[-0.500957,84.4355,-18.7438]	946.757289
[-0.588887,84.3821,-18.7504]	946.77838
[-0.691148,84.3281,-18.7589]	946.799657
[-0.796532,84.2773,-18.765]	946.821095
[-0.881889,84.237,-18.7721]	946.842083
[-0.948121,84.2052,-18.7792]	946.863447
[-0.992036,84.1834,-18.7823]	946.884556
[-1.03825,84.1616,-18.7848]	946.907887
[-1.07685,84.1463,-18.7838]	946.931096
[-1.11216,84.1353,-18.7814]	946.954327
[-1.14214,84.1294,-18.7765]	946.97822
[-1.164,84.1273,-18.771]	947.002258
[-1.18201,84.1263,-18.7656]	947.025984
[-1.19909,84.1252,-18.7602]	947.049613
[-1.22019,84.1233,-18.7535]	947.073195
[-1.24857,84.1196,-18.7445]	947.097089
[-1.28776,84.1128,-18.7326]	947.119016
[-1.32814,84.1045,-18.7202]	947.141253
[-1.37295,84.0946,-18.7059]	947.163524
[-1.41622,84.0843,-18.6914]	947.185994
[-1.4562,84.074,-18.6767]	947.208488
[-1.49183,84.0638,-18.6624]	947.230991
[-1.52806,84.0523,-18.6472]	947.253365
[-1.56567,84.0387,-18.6312]	947.275852
[-1.59489,84.0276,-18.6179]	947.298303
[-1.61666,84.019,-18.6076]	947.32086
[-1.63733,84.0106,-18.5975]	947.343604
[-1.65303,84.0039,-18.5893]	947.366596
[-1.66904,83.997,-18.5807]	947.391352
[-1.68539,83.99,-18.5718]	947.416113
[-1.69783,83.9845,-18.5647]	947.441105
[-1.71267,83.9781,-18.5564]	947.46538
[-1.72507,83.9725,-18.5501]	947.489281
[-1.737,83.9672,-18.5444]	947.513674
[-1.75413,83.9592,-18.5368]	947.537809
[-1.77945,83.9466,-18.526]	947.562638
[-1.80695,83.932,-18.5147]	947.586892
[-1.84355,83.9108,-18.5003]	947.611959
[-1.88172,83.8868,-18.4846]	947.637011
[-1.92019,83.8607,-18.4682]	947.661876
[-1.97155,83.8237,-18.4454]	947.68719
[-2.0239,83.7844,-18.4221]	947.71325
[-2.07973,83.7416,-18.3968]	947.738774
[-2.12224,83.7087,-18.377]	947.762713
[-2.15348,83.6843,-18.3616]	947.786596
[-2.18226,83.6617,-18.3468]	947.810589
[-2.20929,83.6402,-18.3321]	947.834386
[-2.23487,83.6198,-18.3173]	947.857914
[-2.30079,83.5696,-18.2785]	947.928182
[-2.32105,83.5554,-18.2664]	947.951714
[-2.34023,83.5428,-18.2548]	947.974808
[-2.35751,83.5321,-18.2443]	947.998104
[-2.37429,83.5223,-18.2344]	948.021076
[-2.39712,83.5095,-18.2216]	948.045875
[-2.42535,83.4942,-18.2075]	948.070079
[-2.45584,83.4782,-18.1941]	948.094871
[-2.48411,83.4636,-18.1837]	948.119395
[-2.51118,83.4498,-18.1752]	948.144379
[-2.53589,83.437,-18.1677]	948.168858
[-2.55963,83.424,-18.1607]	948.194008
[-2.58085,83.4118,-18.1544]	948.218598
[-2.6008,83.3993,-18.1487]	948.243504
[-2.618,83.3874,-18.143]	948.268204
[-2.63424,83.3752,-18.1371]	948.293134
[-2.65027,83.362,-18.1306]	948.3179
[-2.6646,83.3492,-18.1238]	948.342654
[-2.68004,83.3342,-18.1167]	948.367518
[-2.69597,83.3174,-18.1094]	948.392384
[-2.71254,83.2985,-18.1018]	948.417587
[-2.72746,83.2796,-18.0952]	948.442803
[-2.74102,83.2608,-18.0884]	948.468077
[-2.75536,83.2397,-18.081]	948.494258
[-2.77046,83.2167,-18.0731]	948.51995
[-2.78641,83.1919,-18.0654]	948.546155
[-2.80436,83.1643,-18.0579]	948.572734
[-2.82722,83.1305,-18.0494]	948.599244
[-2.8547,83.0919,-18.04]	948.625481
[-2.88657,83.0487,-18.0299]	948.651375
[-2.91898,83.0058,-18.0214]	948.676722
[-2.95601,82.9575,-18.0118]	948.702504
[-2.99361,82.9086,-18.0019]	948.727615
[-3.02919,82.8611,-17.9931]	948.753213
[-3.05934,82.8183,-17.984]	948.778819
[-3.08449,82.779,-17.9746]	948.802888
[-3.10748,82.7386,-17.9641]	948.826904
[-3.12804,82.6963,-17.9524]	948.85104
[-3.14517,82.6521,-17.9378]	948.87535
[-3.15734,82.6089,-17.9195]	948.899756
[-3.16437,82.568,-17.8991]	948.923842
[-3.16707,82.5339,-17.8805]	948.947333
[-3.16822,82.5043,-17.8616]	948.970857
[-3.16997,82.4785,-17.8452]	948.994506
[-3.17395,82.4552,-17.8323]	949.017079
[-3.18173,82.4307,-17.8204]	949.040376
[-3.19298,82.4062,-17.811]	949.063168
[-3.20661,82.3821,-17.8052]	949.086213
[-3.22354,82.3565,-17.7989]	949.109228
[-3.24273,82.3294,-17.7927]	949.132201
[-3.2593,82.3056,-17.7865]	949.155282
[-3.27364,82.2822,-17.7802]	949.178383
[-3.28437,82.2602,-17.7737]	949.201065
[-3.29226,82.2379,-17.7653]	949.224631
[-3.29783,82.2148,-17.7561]	949.247686
[-3.30072,82.1942,-17.7473]	949.271245
[-3.30186,82.1761,-17.7389]	949.294843
[-3.30187,82.1593,-17.7297]	949.318623
[-3.30097,82.1453,-17.7211]	949.342162
[-3.29949,82.1342,-17.7117]	949.365893
[-3.29694,82.1255,-17.7003]	949.389817
[-3.29383,82.1214,-17.6891]	949.413716
[-3.29053,82.1217,-17.6771]	949.438091
[-3.2873,82.1256,-17.6646]	949.462716
[-3.28466,82.1315,-17.6537]	949.487104
[-3.2824,82.1374,-17.6462]	949.510898
[-3.28062,82.1416,-17.6417]	949.534147
[-3.27859,82.145,-17.6376]	949.557959
[-3.27668,82.1474,-17.6339]	949.581335
[-3.27464,82.1491,-17.6301]	949.6051
[-3.27254,82.15,-17.6264]	949.628479
[-3.27057,82.1503,-17.6229]	949.652135
[-3.26907,82.1503,-17.6195]	949.675592
[-3.26829,82.15,-17.6178]	949.699094
[-3.26793,82.1497,-17.6168]	949.722736
[-3.26774,82.1495,-17.6157]	949.746593
[-3.26767,82.1496,-17.6143]	949.770294
[-3.26783,82.1504,-17.6129]	949.794591
[-3.26839,82.1523,-17.6117]	949.818748
[-3.2696,82.1554,-17.6107]	949.842849
[-3.27153,82.1596,-17.61]	949.866897
[-3.27412,82.1641,-17.6098]	949.891212
[-3.27718,82.1685,-17.6101]	949.915058
[-3.28157,82.1738,-17.6111]	949.939571
[-3.28676,82.1795,-17.613]	949.964124
[-3.29181,82.1846,-17.6151]	949.988322
[-3.29666,82.189,-17.6164]	950.012354
[-3.30123,82.1929,-17.6173]	950.036326
[-3.30491,82.1959,-17.6182]	950.060351
[-3.30723,82.1978,-17.619]	950.084377
[-3.3087,82.199,-17.6193]	950.108262
[-3.31012,82.2002,-17.6197]	950.132053
[-3.3111,82.2011,-17.6198]	950.155961
[-3.31209,82.2019,-17.6199]	950.180005
[-3.31289,82.2026,-17.6198]	950.203833
[-3.31348,82.2031,-17.6195]	950.227695
[-3.31408,82.2035,-17.6191]	950.251766
[-3.31478,82.2037,-17.6186]	950.275638
[-3.31564,82.2038,-17.6183]	950.297942
[-3.31695,82.2037,-17.6185]	950.321011
[-3.31927,82.2035,-17.6187]	950.343608
[-3.32232,82.2031,-17.619]	950.366131
[-3.32618,82.2025,-17.6198]	950.388239
[-3.33006,82.2017,-17.6207]	950.411013
[-3.33333,82.2011,-17.6211]	950.433207
[-3.33745,82.2003,-17.6217]	950.45575
[-3.34138,82.1995,-17.6223]	950.477977
[-3.34516,82.1985,-17.623]	950.500464
[-3.35431,82.1953,-17.6245]	950.545344
[-3.35973,82.193,-17.6251]	950.567788
[-3.36467,82.1905,-17.6254]	950.592611
[-3.36877,82.188,-17.626]	950.617795
[-3.37228,82.1857,-17.6268]	950.64309
[-3.37586,82.1834,-17.6276]	950.668382
[-3.38007,82.181,-17.6287]	950.69326
[-3.3829,82.1796,-17.6302]	950.718826
[-3.38575,82.1788,-17.6318]	950.743189
[-3.38887,82.1785,-17.6336]	950.767887
[-3.39212,82.1788,-17.6356]	950.792353
[-3.39567,82.1799,-17.6378]	950.817378
[-3.39981,82.1819,-17.6405]	950.842039
[-3.40464,82.1849,-17.6437]	950.866971
[-3.40937,82.1885,-17.6472]	950.889647
[-3.41416,82.1924,-17.6507]	950.912465
[-3.43053,82.206,-17.6622]	950.980741
[-3.43683,82.211,-17.6663]	951.003333
[-3.44263,82.2158,-17.6702]	951.025977
[-3.44799,82.2205,-17.6741]	951.048529
[-3.45243,82.2249,-17.6778]	951.071352
[-3.45686,82.2304,-17.6819]	951.096073
[-3.46056,82.2364,-17.6862]	951.120272
[-3.46395,82.244,-17.6905]	951.144871
[-3.46734,82.2541,-17.6955]	951.169132
[-3.47053,82.2666,-17.7008]	951.193171
[-3.47328,82.2806,-17.7069]	951.217375
[-3.47608,82.299,-17.7145]	951.240216
[-3.47869,82.3221,-17.7231]	951.262662
[-3.48105,82.3503,-17.733]	951.28581
[-3.48309,82.3824,-17.7446]	951.308725
[-3.48466,82.4156,-17.7564]	951.331355
[-3.48594,82.4525,-17.7688]	951.35414
[-3.48687,82.4889,-17.7813]	951.377139
[-3.48763,82.5254,-17.7935]	951.399726
[-3.48814,82.561,-17.8055]	951.422755
[-3.48845,82.5888,-17.8145]	951.445286
[-3.48865,82.6145,-17.8232]	951.468588
[-3.48881,82.6373,-17.831]	951.491629
[-3.48908,82.6585,-17.8384]	951.514871
[-3.48955,82.6772,-17.8461]	951.537844
[-3.49042,82.6944,-17.8538]	951.561094
[-3.49151,82.7072,-17.8595]	951.581334
[-3.49281,82.7183,-17.8643]	951.602009
[-3.49422,82.7287,-17.8686]	951.622061
[-3.49567,82.7385,-17.8724]	951.640631
[-3.4974,82.7495,-17.8761]	951.658598
[-3.49911,82.7598,-17.8791]	951.676807
[-3.50096,82.7703,-17.8822]	951.694998
[-3.5028,82.7802,-17.8852]	951.712774
[-3.50462,82.7887,-17.8875]	951.730988
[-3.5065,82.7967,-17.8897]	951.747956
[-3.50846,82.8045,-17.8919]	951.765164
[-3.5101,82.8108,-17.8938]	951.78245
[-3.51141,82.816,-17.8953]	951.80005
[-3.51233,82.8202,-17.8968]	951.81748
[-3.51318,82.8256,-17.8986]	951.835149
[-3.51368,82.8327,-17.9007]	951.853139
[-3.51339,82.8404,-17.9029]	951.871003
[-3.51199,82.849,-17.9052]	951.888881
[-3.50826,82.861,-17.9081]	951.906994
[-3.50247,82.8737,-17.9102]	951.92512
[-3.49322,82.8886,-17.9123]	951.943004
[-3.47708,82.9096,-17.9146]	951.96022
[-3.45417,82.9349,-17.9166]	951.977029
[-3.42273,82.9662,-17.9176]	951.994435
[-3.38854,82.9984,-17.9193]	952.011661
[-3.31003,83.0725,-17.9218]	952.046637
[-3.27428,83.1084,-17.9234]	952.063685
[-3.24548,83.1395,-17.9263]	952.081258
[-3.22117,83.1686,-17.9298]	952.098515
[-3.20237,83.1935,-17.9348]	952.115672
[-3.18898,83.2128,-17.9404]	952.132932
[-3.17698,83.2319,-17.9463]	952.150259
[-3.16683,83.2492,-17.9523]	952.167497
[-3.15836,83.2644,-17.9579]	952.184086
[-3.15151,83.277,-17.963]	952.200747
[-3.14509,83.2888,-17.9678]	952.217206
[-3.13917,83.2991,-17.9724]	952.234131
[-3.13149,83.3114,-17.9781]	952.250905
[-3.12277,83.3241,-17.984]	952.267873
[-3.11278,83.3374,-17.9895]	952.284751
[-3.10005,83.3529,-17.9959]	952.301635
[-3.08973,83.3648,-17.9999]	952.318504
[-3.07873,83.377,-18.0039]	952.335628
[-3.06932,83.3871,-18.0068]	952.352696
[-3.06032,83.3966,-18.0092]	952.369882
[-3.0531,83.4043,-18.0108]	952.386998
[-3.04618,83.4116,-18.0125]	952.404064
[-3.03987,83.4186,-18.0139]	952.421251
[-3.03278,83.4268,-18.0155]	952.44085
[-3.02559,83.4356,-18.0174]	952.460527
[-3.02037,83.4423,-18.0191]	952.480636
[-3.01302,83.4521,-18.0215]	952.503892
[-3.00848,83.4583,-18.0233]	952.526953
[-3.00292,83.4661,-18.0257]	952.550333
[-2.99797,83.4733,-18.028]	952.573477
[-2.99242,83.4816,-18.0309]	952.59687
[-2.98695,83.4896,-18.0341]	952.619852
[-2.98154,83.4971,-18.0375]	952.642505
[-2.97621,83.5038,-18.0407]	952.665105
[-2.97033,83.5103,-18.0441]	952.687885
[-2.96253,83.5176,-18.0488]	952.710089
[-2.95442,83.5238,-18.0535]	952.732755
[-2.94265,83.5305,-18.0601]	952.754981
[-2.93062,83.5347,-18.0678]	952.777209
[-2.9172,83.5372,-18.0778]	952.798661
[-2.90386,83.5378,-18.0895]	952.821009
[-2.89114,83.5381,-18.1018]	952.84406
[-2.88079,83.539,-18.1131]	952.8675
[-2.8715,83.5415,-18.1228]	952.89087
[-2.86227,83.5461,-18.1323]	952.913763
[-2.85303,83.5531,-18.1417]	952.936464
[-2.84466,83.5616,-18.1517]	952.959515
[-2.83795,83.5706,-18.1596]	952.97941
[-2.83118,83.5814,-18.1677]	952.999969
[-2.82462,83.5929,-18.1758]	953.019943
[-2.81791,83.6058,-18.1839]	953.040576
[-2.8115,83.6189,-18.1915]	953.060681
[-2.80425,83.634,-18.2002]	953.081389
[-2.79809,83.6462,-18.2071]	953.101421
[-2.79171,83.6572,-18.2138]	953.122128
[-2.78562,83.6662,-18.2196]	953.142328
[-2.77863,83.6752,-18.2259]	953.162934
[-2.77148,83.6831,-18.2323]	953.183333
[-2.76441,83.6899,-18.2391]	953.203967
[-2.75768,83.6953,-18.246]	953.22423
[-2.75104,83.6998,-18.2531]	953.244538
[-2.74592,83.7028,-18.2592]	953.264651
[-2.74141,83.7054,-18.2645]	953.282713
[-2.73738,83.7076,-18.2693]	953.300634
[-2.73432,83.7094,-18.2729]	953.318331
[-2.73199,83.7108,-18.2758]	953.335874
[-2.72988,83.7121,-18.2783]	953.353305
[-2.72835,83.7132,-18.2802]	953.370869
[-2.7274,83.7139,-18.2815]	953.38726
[-2.72677,83.7144,-18.2825]	953.403635
[-2.72642,83.7147,-18.2831]	953.420003
[-2.72585,83.7153,-18.2843]	953.436509
[-2.7253,83.7159,-18.2855]	953.452892
[-2.72339,83.7187,-18.2912]	953.503759
[-2.72279,83.7197,-18.2931]	953.52088
[-2.72229,83.7206,-18.2948]	953.539373
[-2.72201,83.7211,-18.2956]	953.557439
[-2.72175,83.7216,-18.2965]	953.576011
[-2.72134,83.7224,-18.2979]	953.595002
[-2.72095,83.7233,-18.2993]	953.61381
[-2.7206,83.7242,-18.3006]	953.632619
[-2.72037,83.7248,-18.3017]	953.65526
[-2.72021,83.7254,-18.3025]	953.677404
[-2.72013,83.7257,-18.3029]	953.700257
[-2.72009,83.7259,-18.3032]	953.718305
[-2.72005,83.7261,-18.3035]	953.73714
[-2.72002,83.7262,-18.3037]	953.755452
[-2.71999,83.7264,-18.3039]	953.772332
[-2.71997,83.7265,-18.3041]	953.789184
[-2.71992,83.7267,-18.3044]	953.805698
[-2.71987,83.7269,-18.3047]	953.822132
[-2.71974,83.7272,-18.3053]	953.838121
[-2.71952,83.7277,-18.3061]	953.854149
[-2.71904,83.7282,-18.3076]	953.870184
[-2.71796,83.7287,-18.3103]	953.886246
[-2.71614,83.7288,-18.3144]	953.902192
[-2.7128,83.7283,-18.3213]	953.919065
[-2.7073,83.7266,-18.3315]	953.936364
[-2.7012,83.7243,-18.3419]	953.95332
[-2.69552,83.7222,-18.3514]	953.970875
[-2.68765,83.7194,-18.3638]	953.988006
[-2.67927,83.7171,-18.3764]	954.005462
[-2.66205,83.7155,-18.4038]	954.042206
[-2.65363,83.7166,-18.4182]	954.06036
[-2.64565,83.7197,-18.433]	954.078752
[-2.63737,83.7253,-18.4495]	954.09901
[-2.63012,83.7329,-18.4656]	954.118572
[-2.62392,83.743,-18.4821]	954.138575
[-2.61924,83.7557,-18.4994]	954.158585
[-2.61631,83.7732,-18.5189]	954.178834
[-2.61629,83.7914,-18.5384]	954.198659
[-2.61859,83.807,-18.5564]	954.217385
[-2.62292,83.8214,-18.5734]	954.235587
[-2.62857,83.8341,-18.5892]	954.254
[-2.63532,83.8457,-18.6049]	954.273244
[-2.64235,83.8559,-18.6203]	954.292439
[-2.64916,83.8648,-18.6352]	954.311564
[-2.65583,83.8729,-18.6505]	954.331383
[-2.66053,83.8786,-18.6629]	954.351008
[-2.66375,83.8828,-18.6725]	954.370637
[-2.66658,83.8871,-18.6816]	954.390328
[-2.66947,83.8926,-18.6918]	954.409912
[-2.67185,83.8984,-18.7016]	954.430061
[-2.67393,83.9054,-18.7111]	954.452079
[-2.67531,83.9125,-18.7199]	954.474161
[-2.67574,83.9199,-18.7285]	954.496157
[-2.67506,83.9277,-18.737]	954.518577
[-2.67335,83.9355,-18.7453]	954.541206
[-2.6699,83.9455,-18.7561]	954.563606
[-2.66405,83.9582,-18.7697]	954.585729
[-2.65707,83.9709,-18.7834]	954.608167
[-2.65008,83.9821,-18.7963]	954.630623
[-2.64343,83.9923,-18.8082]	954.650309
[-2.63628,84.0037,-18.8209]	954.670645
[-2.62979,84.0152,-18.833]	954.690337
[-2.62421,84.0265,-18.8446]	954.709418
[-2.61864,84.0394,-18.8563]	954.728505
[-2.61356,84.0527,-18.8668]	954.747381
[-2.60873,84.0668,-18.8775]	954.766379
[-2.60461,84.0803,-18.8871]	954.784994
[-2.60097,84.0939,-18.8965]	954.80413
[-2.59833,84.1051,-18.9045]	954.822776
[-2.59605,84.1162,-18.9127]	954.841635
[-2.59442,84.1256,-18.9193]	954.860263
[-2.5928,84.1365,-18.9269]	954.880007
[-2.59163,84.145,-18.9331]	954.899705
[-2.59089,84.1504,-18.9373]	954.919459
[-2.59016,84.155,-18.9408]	954.940601
[-2.58926,84.1591,-18.9442]	954.961307
[-2.58797,84.1633,-18.9475]	954.98259
[-2.58607,84.1676,-18.9509]	955.005293
[-2.58253,84.1738,-18.9557]	955.028118
[-2.57825,84.1798,-18.9606]	955.050606
[-2.57216,84.1871,-18.9669]	955.075636
[-2.56663,84.1927,-18.9727]	955.100371
[-2.55819,84.1999,-18.9812]	955.125381
[-2.54782,84.2075,-18.9908]	955.148255
[-2.53533,84.2152,-19.002]	955.17113
[-2.52311,84.2218,-19.0128]	955.193805
[-2.51139,84.2272,-19.0237]	955.216211
[-2.50033,84.2317,-19.0347]	955.238476
[-2.49017,84.2356,-19.046]	955.260957
[-2.48199,84.2389,-19.0561]	955.282969
[-2.47501,84.2416,-19.0648]	955.305137
[-2.46764,84.2441,-19.0733]	955.327083
[-2.46056,84.246,-19.0808]	955.346757
[-2.45257,84.2475,-19.0888]	955.366125
[-2.44418,84.248,-19.0968]	955.385178
[-2.4358,84.2478,-19.1041]	955.403408
[-2.42678,84.2464,-19.1116]	955.422099
[-2.41768,84.244,-19.1191]	955.440704
[-2.40902,84.2408,-19.1266]	955.459101
[-2.40078,84.237,-19.1344]	955.477392
[-2.39163,84.2323,-19.1436]	955.495863
[-2.38283,84.227,-19.1532]	955.514513
[-2.37591,84.2224,-19.1618]	955.532958
[-2.37075,84.2186,-19.1691]	955.551462
[-2.3672,84.2159,-19.1751]	955.5683
[-2.36403,84.2134,-19.1813]	955.58551
[-2.36171,84.2115,-19.1867]	955.602199
[-2.3597,84.2095,-19.1923]	955.620625
[-2.35834,84.208,-19.1968]	955.638508
[-2.35699,84.2063,-19.2021]	955.656761
[-2.35601,84.2047,-19.2064]	955.674002
[-2.35503,84.2028,-19.211]	955.691033
[-2.35389,84.2001,-19.2164]	955.708295
[-2.35255,84.1961,-19.2231]	955.72538
[-2.3511,84.1905,-19.2311]	955.742165
[-2.34981,84.1831,-19.24]	955.759183
[-2.34876,84.1731,-19.25]	955.77626
[-2.34804,84.1608,-19.2608]	955.792949
[-2.34749,84.1443,-19.2747]	955.810303
[-2.34714,84.1248,-19.2899]	955.828841
[-2.34685,84.1041,-19.3059]	955.847342
[-2.3466,84.0871,-19.3187]	955.866008
[-2.34634,84.0753,-19.3273]	955.884202
[-2.34591,84.0657,-19.3341]	955.903083
[-2.34216,84.0387,-19.356]	955.96251
[-2.3405,84.0317,-19.3621]	955.982711
[-2.33831,84.0252,-19.3684]	956.003385
[-2.33594,84.02,-19.3737]	956.024221
[-2.33318,84.015,-19.3791]	956.044653
[-2.33012,84.0105,-19.3845]	956.065713
[-2.32648,84.0061,-19.3902]	956.086182
[-2.32142,84.001,-19.3975]	956.107265
[-2.31569,83.9962,-19.4055]	956.126758
[-2.30868,83.9914,-19.4147]	956.146756
[-2.30168,83.9874,-19.4236]	956.166509
[-2.29403,83.9835,-19.4326]	956.18586
[-2.2862,83.98,-19.4417]	956.205504
[-2.27776,83.9767,-19.4515]	956.22477
[-2.27064,83.9746,-19.4603]	956.244246
[-2.2635,83.9728,-19.4693]	956.263377
[-2.258,83.9716,-19.4767]	956.282631
[-2.25399,83.9708,-19.4818]	956.30145
[-2.24976,83.9698,-19.4871]	956.320628
[-2.2454,83.9687,-19.4926]	956.339749
[-2.24073,83.9673,-19.4983]	956.359628
[-2.233,83.9649,-19.5071]	956.399205
[-2.22962,83.9637,-19.5109]	956.418986
[-2.22624,83.9625,-19.5147]	956.439254
[-2.22206,83.9612,-19.5193]	956.459212
[-2.21792,83.9602,-19.524]	956.479378
[-2.21209,83.9591,-19.5303]	956.501417
[-2.19575,83.9582,-19.547]	956.546046
[-2.18669,83.9582,-19.5558]	956.5685
[-2.17758,83.9586,-19.5646]	956.592226
[-2.16985,83.9591,-19.5722]	956.616342
[-2.16331,83.9596,-19.5789]	956.640218
[-2.1579,83.9599,-19.5844]	956.664257
[-2.15339,83.9601,-19.5889]	956.688065
[-2.15026,83.9602,-19.5922]	956.711839
[-2.14837,83.9604,-19.5943]	956.73316
[-2.14724,83.9605,-19.5957]	956.755001
[-2.1466,83.9606,-19.5964]	956.776275
[-2.14626,83.9606,-19.5968]	956.797209
[-2.14589,83.9607,-19.5972]	956.817281
[-2.14527,83.9608,-19.5978]	956.838142
[-2.1441,83.961,-19.599]	956.858555
[-2.14256,83.9613,-19.6005]	956.879634
[-2.1408,83.9615,-19.6022]	956.899938
[-2.13811,83.9617,-19.6048]	956.920929
[-2.13437,83.9617,-19.6084]	956.941409
[-2.12851,83.9614,-19.6141]	956.962499
[-2.12242,83.9606,-19.6197]	956.979005
[-2.11463,83.959,-19.627]	956.995503
[-2.10668,83.9569,-19.6346]	957.011838
[-2.09878,83.9543,-19.6422]	957.028081
[-2.09123,83.9513,-19.6494]	957.044621
[-2.08301,83.9474,-19.6571]	957.061068
[-2.07441,83.9429,-19.6652]	957.07747
[-2.06757,83.9392,-19.6714]	957.093949
[-2.06039,83.9353,-19.6778]	957.110598
[-2.05305,83.9312,-19.6842]	957.127207
[-2.0456,83.927,-19.6907]	957.1439
[-2.03824,83.9231,-19.6969]	957.160498
[-2.03196,83.9199,-19.7023]	957.177264
[-2.02567,83.9169,-19.7075]	957.193893
[-2.0186,83.9139,-19.7132]	957.210885
[-2.01033,83.9108,-19.7197]	957.229451
[-2.00157,83.9078,-19.7263]	957.248306
[-1.99087,83.9048,-19.7339]	957.266857
[-1.98129,83.9022,-19.741]	957.286381
[-1.97257,83.9,-19.747]	957.305576
[-1.96331,83.8978,-19.7532]	957.32484
[-1.95533,83.8958,-19.7579]	957.344577
[-1.94657,83.8934,-19.7626]	957.364253
[-1.93815,83.8906,-19.7669]	957.383608
[-1.93036,83.8876,-19.7709]	957.401629
[-1.92294,83.8841,-19.775]	957.419179
[-1.91492,83.8794,-19.7794]	957.437252
[-1.90557,83.8729,-19.7849]	957.455765
[-1.89284,83.8626,-19.7921]	957.474739
[-1.87773,83.8489,-19.8001]	957.493633
[-1.86094,83.8326,-19.8085]	957.51272
[-1.83847,83.8101,-19.8194]	957.53182
[-1.81181,83.7833,-19.8318]	957.550957
[-1.78529,83.7571,-19.843]	957.569737
[-1.75981,83.7328,-19.8527]	957.588642
[-1.73412,83.7092,-19.8617]	957.607681
[-1.70561,83.6845,-19.8717]	957.628518
[-1.67708,83.6608,-19.8818]	957.649716
[-1.65072,83.639,-19.8905]	957.670524
[-1.62341,83.6162,-19.8998]	957.692633
[-1.59958,83.5954,-19.9086]	957.71415
[-1.57703,83.5743,-19.9178]	957.736203
[-1.55557,83.5526,-19.927]	957.758165
[-1.5363,83.5317,-19.9362]	957.779966
[-1.51938,83.5124,-19.9451]	957.80184
[-1.50423,83.4944,-19.9528]	957.824341
[-1.49314,83.4811,-19.9582]	957.846639
[-1.48476,83.4711,-19.9619]	957.869627
[-1.47669,83.462,-19.9652]	957.890602
[-1.46995,83.4547,-19.9682]	957.91201
[-1.46436,83.4489,-19.9704]	957.932803
[-1.45855,83.4431,-19.9726]	957.952939
[-1.45319,83.438,-19.9746]	957.972663
[-1.44701,83.4323,-19.9768]	957.992514
[-1.44215,83.4279,-19.9789]	958.011126
[-1.43679,83.4232,-19.9812]	958.029527
[-1.43259,83.4195,-19.9834]	958.048301
[-1.42784,83.4152,-19.9858]	958.066732
[-1.42308,83.411,-19.9883]	958.085631
[-1.41793,83.4062,-19.9911]	958.104087
[-1.41165,83.4001,-19.9948]	958.122476
[-1.40572,83.3939,-19.9985]	958.140875
[-1.39981,83.3869,-20.0023]	958.159494
[-1.38888,83.3712,-20.0107]	958.198127
[-1.38223,83.3603,-20.0165]	958.217316
[-1.3759,83.3488,-20.0224]	958.236751
[-1.36822,83.3337,-20.0303]	958.255868
[-1.36139,83.3198,-20.0371]	958.274956
[-1.35453,83.306,-20.0438]	958.294083
[-1.34748,83.2921,-20.0508]	958.314755
[-1.34193,83.2817,-20.0556]	958.335448
[-1.3376,83.2738,-20.0591]	958.355962
[-1.33308,83.2658,-20.0626]	958.376861
[-1.33024,83.2609,-20.0651]	958.397301
[-1.32837,83.2576,-20.0669]	958.418382
[-1.32459,83.2484,-20.0718]	958.480721
[-1.32358,83.2451,-20.0736]	958.501581
[-1.32268,83.2398,-20.0763]	958.522152
[-1.32234,83.2334,-20.0793]	958.543362
[-1.32265,83.2249,-20.083]	958.563531
[-1.32408,83.2112,-20.089]	958.584466
[-1.32715,83.1918,-20.097]	958.604812
[-1.33083,83.173,-20.105]	958.624915
[-1.33714,83.1446,-20.1165]	958.644938
[-1.3461,83.1061,-20.1319]	958.665315
[-1.3541,83.0717,-20.1454]	958.686292
[-1.36112,83.0398,-20.1578]	958.708004
[-1.36626,83.0125,-20.1697]	958.729099
[-1.36975,82.9887,-20.18]	958.749568
[-1.37163,82.9676,-20.1886]	958.769658
[-1.37213,82.9472,-20.1977]	958.79037
[-1.37151,82.9288,-20.2059]	958.810529
[-1.36977,82.909,-20.215]	958.831284
[-1.3675,82.8933,-20.2232]	958.851438
[-1.36432,82.8773,-20.2317]	958.873429
[-1.35996,82.86,-20.2411]	958.894801
[-1.35546,82.845,-20.2486]	958.91689
[-1.35142,82.8327,-20.2544]	958.938171
[-1.34695,82.8197,-20.2603]	958.960258
[-1.3422,82.8062,-20.2663]	958.981536
[-1.33757,82.7927,-20.2721]	959.00159
[-1.33301,82.7788,-20.2778]	959.021047
[-1.32863,82.7652,-20.2835]	959.040963
[-1.3242,82.7513,-20.2893]	959.060756
[-1.32107,82.7416,-20.2932]	959.080315
[-1.31795,82.7325,-20.2971]	959.099959
[-1.31404,82.722,-20.3016]	959.120131
[-1.30915,82.7104,-20.3071]	959.139909
[-1.30375,82.6996,-20.3128]	959.16004
[-1.29826,82.6904,-20.3188]	959.179936
[-1.292,82.6821,-20.3249]	959.200136
[-1.28517,82.6752,-20.3306]	959.220092
[-1.27592,82.6683,-20.3368]	959.24362
[-1.26461,82.6621,-20.3426]	959.266848
[-1.24729,82.6546,-20.3505]	959.290509
[-1.23203,82.649,-20.3568]	959.31061
[-1.2172,82.644,-20.3625]	959.330912
[-1.20233,82.6395,-20.3684]	959.351542
[-1.189,82.6359,-20.3743]	959.371873
[-1.17613,82.6329,-20.3808]	959.392029
[-1.16415,82.6309,-20.3874]	959.41215
[-1.15396,82.6299,-20.3943]	959.431751
[-1.14441,82.6297,-20.4015]	959.451262
[-1.13559,82.6303,-20.409]	959.470679
[-1.12883,82.6312,-20.4164]	959.490255
[-1.12318,82.6321,-20.424]	959.509783
[-1.11947,82.6325,-20.4309]	959.529212
[-1.11607,82.6329,-20.4377]	959.550066
[-1.11355,82.633,-20.4429]	959.57109
[-1.11103,82.6329,-20.4476]	959.591928
[-1.10806,82.6327,-20.4521]	959.612845
[-1.10427,82.6324,-20.4567]	959.633427
[-1.09964,82.6321,-20.4612]	959.654505
[-1.09457,82.6318,-20.4651]	959.675182
[-1.08769,82.6316,-20.4698]	959.69655
[-1.08026,82.6315,-20.4743]	959.717433
[-1.06979,82.6315,-20.4804]	959.738465
[-1.05907,82.6318,-20.4864]	959.759189
[-1.0443,82.6326,-20.4945]	959.780438
[-1.03158,82.6336,-20.502]	959.801811
[-1.01933,82.6351,-20.5096]	959.82376
[-1.00958,82.6365,-20.5165]	959.845056
[-1.00239,82.6379,-20.5224]	959.863159
[-0.997062,82.639,-20.5281]	959.881377
[-0.99237,82.6401,-20.5338]	959.89925
[-0.988236,82.6409,-20.5393]	959.916876
[-0.984601,82.6414,-20.5449]	959.934277
[-0.981528,82.6414,-20.5505]	959.951718
[-0.978969,82.641,-20.5559]	959.96831
[-0.976229,82.6399,-20.5628]	959.984878
[-0.974064,82.6385,-20.5689]	960.001339
[-0.972053,82.6366,-20.5755]	960.01783
[-0.970412,82.6348,-20.5815]	960.03451
[-0.968902,82.6331,-20.5872]	960.051012
[-0.967892,82.6321,-20.5914]	960.067257
[-0.966874,82.6313,-20.5954]	960.083424
[-0.965958,82.631,-20.5986]	960.099875
[-0.96493,82.631,-20.6023]	960.117119
[-0.962823,82.6322,-20.6088]	960.151762
[-0.961664,82.6332,-20.6117]	960.168997
[-0.960232,82.6347,-20.6149]	960.18638
[-0.958692,82.6363,-20.6176]	960.203763
[-0.956962,82.6381,-20.6206]	960.22112
[-0.954367,82.6409,-20.6247]	960.239507
[-0.951384,82.644,-20.6289]	960.257914
[-0.949047,82.6464,-20.6323]	960.276382
[-0.947174,82.648,-20.6356]	960.294975
[-0.945564,82.6492,-20.6386]	960.313797
[-0.94394,82.65,-20.6417]	960.332617
[-0.942194,82.6503,-20.645]	960.352257
[-0.940531,82.6501,-20.6483]	960.371873
[-0.938829,82.6493,-20.6519]	960.391187
[-0.93702,82.6476,-20.6567]	960.412465
[-0.93563,82.6453,-20.6618]	960.433287
[-0.934524,82.6416,-20.6686]	960.454748
[-0.934211,82.6369,-20.6769]	960.475523
[-0.935092,82.6311,-20.6883]	960.497011
[-0.93723,82.6258,-20.7004]	960.517645
[-0.940741,82.621,-20.7138]	960.540636
[-0.944935,82.6169,-20.7269]	960.562962
[-0.949794,82.613,-20.7397]	960.585578
[-0.954503,82.6101,-20.7494]	960.607799
[-0.959606,82.6079,-20.7577]	960.630128
[-0.96528,82.6061,-20.7655]	960.652565
[-0.970986,82.6048,-20.7723]	960.673005
[-0.98283,82.604,-20.7848]	960.713388
[-0.988666,82.6043,-20.7912]	960.73356
[-0.994168,82.6051,-20.7973]	960.753045
[-0.998696,82.6062,-20.803]	960.772355
[-1.00295,82.6078,-20.8089]	960.792099
[-1.00619,82.6093,-20.8141]	960.81092
[-1.00968,82.6113,-20.8201]	960.829839
[-1.01304,82.6137,-20.8268]	960.848613
[-1.01563,82.616,-20.8332]	960.868123
[-1.0175,82.6179,-20.8392]	960.887251
[-1.01896,82.6198,-20.845]	960.906377
[-1.02005,82.6214,-20.851]	960.926688
[-1.0207,82.6225,-20.8565]	960.947296
[-1.02254,82.623,-20.8739]	961.009412
[-1.02309,82.6226,-20.8788]	961.030506
[-1.0238,82.6216,-20.8841]	961.051543
[-1.02465,82.6202,-20.8894]	961.072879
[-1.02563,82.6184,-20.8947]	961.094246
[-1.02679,82.616,-20.9008]	961.115416
[-1.02827,82.6133,-20.9073]	961.136309
[-1.02986,82.6109,-20.9133]	961.157482
[-1.0315,82.6089,-20.9189]	961.178687
[-1.03333,82.6071,-20.9249]	961.200465
[-1.03502,82.6057,-20.93]	961.221655
[-1.03721,82.6042,-20.9364]	961.244103
[-1.0391,82.603,-20.9418]	961.266355
[-1.04039,82.6022,-20.9453]	961.288949
[-1.04115,82.6018,-20.9471]	961.309968
[-1.04186,82.6014,-20.9486]	961.331602
[-1.04262,82.601,-20.9499]	961.353024
[-1.0437,82.6005,-20.9514]	961.374746
[-1.04522,82.5998,-20.9533]	961.395806
[-1.0471,82.599,-20.9557]	961.417632
[-1.0494,82.5982,-20.9581]	961.438042
[-1.05175,82.5975,-20.9606]	961.459356
[-1.05493,82.5968,-20.9636]	961.479761
[-1.05962,82.596,-20.968]	961.500717
[-1.06597,82.5951,-20.9739]	961.521057
[-1.07217,82.5945,-20.9795]	961.541912
[-1.07843,82.5943,-20.9854]	961.562811
[-1.08456,82.5943,-20.9916]	961.584259
[-1.0902,82.5946,-20.998]	961.605059
[-1.09597,82.5949,-21.0055]	961.626777
[-1.10113,82.5948,-21.0128]	961.648906
[-1.10595,82.5942,-21.0207]	961.670755
[-1.11009,82.5932,-21.0285]	961.692806
[-1.11324,82.5922,-21.0363]	961.71538
[-1.11599,82.5915,-21.0439]	961.737459
[-1.11919,82.5916,-21.0528]	961.759335
[-1.12241,82.5926,-21.0609]	961.781099
[-1.1258,82.5945,-21.069]	961.803008
[-1.12941,82.5972,-21.077]	961.823689
[-1.13327,82.6006,-21.0854]	961.845032
[-1.13742,82.6045,-21.0937]	961.865932
[-1.14164,82.6085,-21.1019]	961.887007
[-1.1452,82.6116,-21.1087]	961.907405
[-1.14916,82.6147,-21.116]	961.928497
[-1.15299,82.6171,-21.1227]	961.948433
[-1.15632,82.6188,-21.1281]	961.96909
[-1.15911,82.6196,-21.1321]	961.989487
[-1.16148,82.6197,-21.1353]	962.010567
[-1.16335,82.6195,-21.1377]	962.031305
[-1.16488,82.6193,-21.1397]	962.052639
[-1.16589,82.6192,-21.1413]	962.073766
[-1.16689,82.6194,-21.143]	962.09559
[-1.16795,82.6199,-21.1452]	962.116903
[-1.16888,82.6209,-21.1473]	962.136712
[-1.16963,82.6223,-21.1494]	962.156248
[-1.17033,82.6243,-21.1517]	962.175535
[-1.17101,82.6272,-21.1545]	962.19476
[-1.17165,82.6305,-21.1577]	962.213711
[-1.17214,82.633,-21.1604]	962.232879
[-1.17277,82.6358,-21.1632]	962.251997
[-1.1734,82.6384,-21.1664]	962.271535
[-1.17418,82.6407,-21.1693]	962.290897
[-1.17514,82.6429,-21.1725]	962.310379
[-1.17614,82.6445,-21.1754]	962.329641
[-1.17709,82.6457,-21.1783]	962.349134
[-1.17787,82.6462,-21.1811]	962.368
[-1.17839,82.646,-21.1837]	962.386871
[-1.17863,82.6448,-21.1868]	962.405757
[-1.17837,82.6418,-21.1913]	962.42525
[-1.17719,82.6367,-21.1968]	962.444755
[-1.17433,82.6279,-21.2051]	962.463953
[-1.1709,82.6191,-21.2141]	962.482666
[-1.16691,82.61,-21.2232]	962.501871
[-1.16337,82.6024,-21.2304]	962.520564
[-1.16028,82.5962,-21.2369]	962.538725
[-1.15767,82.5912,-21.2426]	962.556533
[-1.15547,82.5868,-21.2486]	962.574511
[-1.15398,82.5834,-21.254]	962.592112
[-1.15316,82.5803,-21.2595]	962.610001
[-1.15308,82.5772,-21.2648]	962.627619
[-1.15376,82.5736,-21.2704]	962.64536
[-1.15564,82.569,-21.2766]	962.662552
[-1.15879,82.5635,-21.2831]	962.680173
[-1.16387,82.5563,-21.2915]	962.698121
[-1.17005,82.5482,-21.3006]	962.71581
[-1.17769,82.5389,-21.3096]	962.733639
[-1.18563,82.5293,-21.3181]	962.751003
[-1.19355,82.5198,-21.3258]	962.767973
[-1.20139,82.5103,-21.3332]	962.785636
[-1.20709,82.5031,-21.3391]	962.803548
[-1.2108,82.4982,-21.3424]	962.821875
[-1.21364,82.4942,-21.3455]	962.839773
[-1.21581,82.491,-21.3478]	962.858129
[-1.21784,82.488,-21.3502]	962.87637
[-1.21979,82.4851,-21.3528]	962.894633
[-1.22153,82.4826,-21.3556]	962.913758
[-1.2231,82.4806,-21.3583]	962.932875
[-1.22447,82.4792,-21.3609]	962.952014
[-1.22553,82.4783,-21.363]	962.970351
[-1.2267,82.4775,-21.3653]	962.989056
[-1.22832,82.4766,-21.3683]	963.007682
[-1.2304,82.4755,-21.3718]	963.026942
[-1.23249,82.4747,-21.3752]	963.046388
[-1.23685,82.474,-21.3812]	963.083461
[-1.23855,82.474,-21.3835]	963.101503
[-1.2402,82.474,-21.3857]	963.119381
[-1.24164,82.4741,-21.3875]	963.136945
[-1.24313,82.4743,-21.3893]	963.155462
[-1.24511,82.4747,-21.3915]	963.173886
[-1.24696,82.4752,-21.3939]	963.192255
[-1.24854,82.4757,-21.3958]	963.209506
[-1.24994,82.4762,-21.3975]	963.226826
[-1.25148,82.4768,-21.3993]	963.244012
[-1.25274,82.4774,-21.4008]	963.261302
[-1.25386,82.478,-21.4021]	963.27851
[-1.25501,82.4786,-21.4035]	963.295497
[-1.25589,82.479,-21.4047]	963.31376
[-1.25663,82.4793,-21.4057]	963.331414
[-1.25746,82.4797,-21.4068]	963.349509
[-1.25886,82.4802,-21.4087]	963.368708
[-1.26012,82.4806,-21.4103]	963.387857
[-1.26144,82.4809,-21.412]	963.40688
[-1.26261,82.4813,-21.4135]	963.424092
[-1.26399,82.4817,-21.4153]	963.441497
[-1.26934,82.4842,-21.4235]	963.496376
[-1.27079,82.485,-21.4258]	963.515256
[-1.2721,82.4858,-21.4284]	963.53401
[-1.27338,82.4868,-21.4312]	963.552608
[-1.27522,82.4883,-21.4363]	963.589008
[-1.27586,82.4889,-21.4384]	963.606637
[-1.27655,82.4896,-21.4413]	963.624131
[-1.27705,82.4901,-21.444]	963.641627
[-1.27741,82.4905,-21.4474]	963.660089
[-1.27748,82.4907,-21.4511]	963.67848
[-1.27731,82.4907,-21.4545]	963.69705
[-1.27697,82.4907,-21.4583]	963.714572
[-1.27653,82.4908,-21.4622]	963.732077
[-1.27612,82.4911,-21.4662]	963.749885
[-1.27595,82.4913,-21.4694]	963.766913
[-1.27602,82.4917,-21.4727]	963.784616
[-1.27636,82.4921,-21.4756]	963.801833
[-1.27819,82.4933,-21.4823]	963.83688
[-1.27933,82.494,-21.4854]	963.85423
[-1.28088,82.4948,-21.4886]	963.871585
[-1.28323,82.496,-21.4924]	963.890664
[-1.28635,82.4978,-21.4968]	963.909709
[-1.29112,82.5003,-21.5024]	963.928878
[-1.2971,82.5034,-21.5087]	963.947256
[-1.3057,82.5076,-21.5168]	963.965461
[-1.31459,82.5117,-21.525]	963.983579
[-1.32442,82.5158,-21.5341]	964.003669
[-1.33362,82.5191,-21.5422]	964.023668
[-1.34298,82.5223,-21.5506]	964.043632
[-1.3506,82.5248,-21.5583]	964.063471
[-1.36251,82.5306,-21.5739]	964.103175
[-1.36775,82.5342,-21.582]	964.123121
[-1.37206,82.5387,-21.5902]	964.142715
[-1.37555,82.5441,-21.598]	964.16233
[-1.37829,82.5503,-21.6057]	964.181796
[-1.38058,82.5576,-21.6143]	964.201362
[-1.38213,82.5636,-21.622]	964.221269
[-1.38367,82.5695,-21.6291]	964.241136
[-1.3855,82.5754,-21.6361]	964.259879
[-1.38794,82.5817,-21.644]	964.278632
[-1.39107,82.5877,-21.6523]	964.297379
[-1.39404,82.5919,-21.6597]	964.31581
[-1.39755,82.5959,-21.6673]	964.334996
[-1.40082,82.5989,-21.6742]	964.353456
[-1.40428,82.6015,-21.6811]	964.372627
[-1.40766,82.6037,-21.6873]	964.391819
[-1.41161,82.6058,-21.6942]	964.41119
[-1.41473,82.6075,-21.6997]	964.430277
[-1.41739,82.609,-21.7049]	964.449685
[-1.4197,82.6107,-21.7102]	964.469318
[-1.42156,82.6126,-21.7156]	964.489224
[-1.42316,82.615,-21.722]	964.509007
[-1.42399,82.6173,-21.7279]	964.528745
[-1.42444,82.6208,-21.7349]	964.549071
[-1.42431,82.6252,-21.7424]	964.569545
[-1.42362,82.6312,-21.751]	964.589998
[-1.42241,82.6387,-21.7612]	964.610181
[-1.42111,82.6478,-21.7714]	964.630392
[-1.41996,82.6579,-21.7817]	964.650646
[-1.41912,82.6685,-21.7919]	964.670634
[-1.41868,82.6791,-21.8018]	964.690258
[-1.4187,82.689,-21.8111]	964.709837
[-1.41936,82.7016,-21.8225]	964.729613
[-1.4205,82.713,-21.833]	964.749032
[-1.42458,82.7394,-21.8555]	964.789715
[-1.42676,82.7516,-21.8657]	964.810581
[-1.42837,82.7611,-21.8743]	964.831152
[-1.42973,82.7693,-21.8818]	964.852296
[-1.43087,82.7772,-21.8889]	964.872803
[-1.43176,82.7846,-21.8952]	964.894012
[-1.43265,82.7972,-21.9057]	964.936663
[-1.43283,82.8037,-21.9112]	964.958713
[-1.43286,82.8076,-21.9142]	964.980787
[-1.43282,82.8115,-21.9173]	965.002824
[-1.43273,82.8153,-21.9203]	965.027558
[-1.4327,82.8193,-21.9236]	965.05251
[-1.43284,82.8248,-21.9285]	965.077139
[-1.43334,82.832,-21.9349]	965.101876
[-1.43417,82.8397,-21.9414]	965.126343
[-1.43526,82.8482,-21.9483]	965.151006
[-1.43666,82.8588,-21.956]	965.175008
[-1.43827,82.8732,-21.9651]	965.198998
[-1.44008,82.8965,-21.9786]	965.222835
[-1.44096,82.9251,-21.9923]	965.246876
[-1.44007,82.9566,-22.0059]	965.270741
[-1.43686,82.9902,-22.0189]	965.294582
[-1.43171,83.0212,-22.029]	965.317589
[-1.42467,83.0514,-22.0379]	965.340728
[-1.41666,83.0794,-22.0456]	965.363543
[-1.40801,83.1057,-22.0523]	965.386381
[-1.40023,83.1278,-22.0575]	965.408725
[-1.39228,83.1499,-22.0628]	965.431376
[-1.38572,83.1684,-22.0676]	965.453976
[-1.37983,83.1859,-22.0724]	965.477012
[-1.37475,83.2024,-22.0772]	965.499595
[-1.36973,83.2196,-22.0822]	965.523064
[-1.36436,83.2383,-22.0877]	965.546539
[-1.35887,83.2566,-22.093]	965.570255
[-1.35323,83.2737,-22.0984]	965.594169
[-1.34723,83.2901,-22.1033]	965.618262
[-1.34061,83.3063,-22.1081]	965.642192
[-1.33421,83.3207,-22.1126]	965.666092
[-1.32714,83.3357,-22.1177]	965.689892
[-1.31975,83.3508,-22.1233]	965.713984
[-1.3135,83.3634,-22.13]	965.73787
[-1.30803,83.376,-22.137]	965.761712
[-1.3038,83.3887,-22.1438]	965.7856
[-1.30095,83.4019,-22.1502]	965.80959
[-1.29935,83.4171,-22.1569]	965.833635
[-1.2991,83.4343,-22.164]	965.857429
[-1.30021,83.4536,-22.1717]	965.882727
[-1.30244,83.4732,-22.1792]	965.908382
[-1.3052,83.4914,-22.1859]	965.933804
[-1.30744,83.5052,-22.1905]	965.95875
[-1.30925,83.5182,-22.1945]	965.983719
[-1.31009,83.5292,-22.1975]	966.008881
[-1.31,83.5397,-22.2002]	966.033955
[-1.30878,83.5504,-22.2031]	966.05926
[-1.3064,83.5608,-22.205]	966.08434
[-1.30271,83.5716,-22.2065]	966.109622
[-1.28227,83.6114,-22.2103]	966.185081
[-1.27434,83.6255,-22.2111]	966.21038
[-1.26568,83.6396,-22.2112]	966.235416
[-1.23709,83.6771,-22.2117]	966.286385
[-1.22172,83.6943,-22.2105]	966.311747
[-1.20435,83.7105,-22.2082]	966.337121
[-1.18622,83.7247,-22.2054]	966.362711
[-1.16721,83.7376,-22.2025]	966.388843
[-1.14871,83.7489,-22.2006]	966.414878
[-1.13376,83.7577,-22.1997]	966.440712
[-1.12419,83.7635,-22.1996]	966.466634
[-1.11463,83.77,-22.1996]	966.492521
[-1.10671,83.7762,-22.2002]	966.518625
[-1.09962,83.7828,-22.2007]	966.544392
[-1.09145,83.7921,-22.2015]	966.570493
[-1.08348,83.803,-22.2022]	966.595904
[-1.07577,83.8154,-22.2028]	966.621748
[-1.06978,83.8264,-22.2039]	966.647434
[-1.06433,83.838,-22.2045]	966.673373
[-1.05872,83.8516,-22.2055]	966.699244
[-1.05173,83.8699,-22.2069]	966.725131
[-1.04699,83.8824,-22.2088]	966.751504
[-1.04179,83.8958,-22.2108]	966.777877
[-1.03801,83.9053,-22.2116]	966.804103
[-1.03391,83.9148,-22.2123]	966.830087
[-1.03013,83.9232,-22.2128]	966.856047
[-1.02599,83.9314,-22.2133]	966.882127
[-1.02181,83.939,-22.2141]	966.907976
[-1.01726,83.9466,-22.2148]	966.933837
[-1.0135,83.9523,-22.2157]	966.959458
[-1.01025,83.957,-22.2163]	966.984833
[-1.00678,83.9619,-22.2172]	967.009853
[-1.00383,83.966,-22.218]	967.035093
[-1.00062,83.9704,-22.2189]	967.060286
[-0.998554,83.9734,-22.2196]	967.086
[-0.997089,83.9755,-22.2199]	967.111214
[-0.995609,83.9775,-22.2203]	967.136587
[-0.994301,83.9793,-22.2205]	967.161943
[-0.99351,83.9803,-22.2205]	967.187426
[-0.992819,83.9812,-22.2205]	967.212692
[-0.99244,83.9816,-22.2205]	967.238129
[-0.992132,83.982,-22.2206]	967.263513
[-0.991876,83.9823,-22.2206]	967.287873
[-0.991537,83.9828,-22.2206]	967.312351
[-0.990861,83.9838,-22.2206]	967.336755
[-0.989509,83.9856,-22.2206]	967.361608
[-0.988058,83.9875,-22.2207]	967.386197
[-0.985839,83.9903,-22.2208]	967.410855
[-0.982497,83.9941,-22.2208]	967.436122
[-0.977932,83.9989,-22.2211]	967.46104
[-0.970621,84.0059,-22.2214]	967.486028
[-0.959283,84.0154,-22.2223]	967.511472
[-0.943797,84.0263,-22.2238]	967.537084
[-0.925644,84.0371,-22.2259]	967.562759
[-0.907215,84.0462,-22.2288]	967.588574
[-0.892172,84.052,-22.2343]	967.61457
[-0.878485,84.0566,-22.2402]	967.640638
[-0.865924,84.0611,-22.2463]	967.666134
[-0.843788,84.0746,-22.2614]	967.716853
[-0.833491,84.0843,-22.2681]	967.742493
[-0.823323,84.0957,-22.2745]	967.768008
[-0.812354,84.1079,-22.2808]	967.793575
[-0.800817,84.1196,-22.2871]	967.818852
[-0.789867,84.1293,-22.2919]	967.844763
[-0.779484,84.1369,-22.2969]	967.870383
[-0.769186,84.1435,-22.301]	967.896002
[-0.759748,84.1488,-22.3047]	967.921897
[-0.751332,84.1533,-22.308]	967.948249
[-0.744777,84.1571,-22.3105]	967.974241
[-0.738295,84.1613,-22.3126]	968.000025
[-0.732585,84.1656,-22.315]	968.025804
[-0.726583,84.1706,-22.3173]	968.05146
[-0.720283,84.1762,-22.3198]	968.077082
[-0.712951,84.1826,-22.3221]	968.102665
[-0.704418,84.1889,-22.3244]	968.128412
[-0.693843,84.1949,-22.3265]	968.153578
[-0.682005,84.1999,-22.329]	968.178721
[-0.6698,84.2037,-22.331]	968.203733
[-0.654974,84.207,-22.3331]	968.229348
[-0.639939,84.2097,-22.3352]	968.25513
[-0.624344,84.2122,-22.3372]	968.280606
[-0.610306,84.2151,-22.3396]	968.306406
[-0.5978,84.2189,-22.3426]	968.33238
[-0.586455,84.2244,-22.3463]	968.358252
[-0.576208,84.2316,-22.35]	968.383962
[-0.566447,84.2409,-22.3535]	968.40976
[-0.556903,84.2519,-22.357]	968.43576
[-0.547261,84.2643,-22.361]	968.462585
[-0.537904,84.2769,-22.3651]	968.489309
[-0.528546,84.2887,-22.3691]	968.516626
[-0.518998,84.2994,-22.3727]	968.543556
[-0.508988,84.3091,-22.3759]	968.570636
[-0.498168,84.3187,-22.3791]	968.597588
[-0.489829,84.3262,-22.381]	968.624602
[-0.483957,84.3317,-22.383]	968.651886
[-0.479918,84.3355,-22.385]	968.679003
[-0.476733,84.3388,-22.3865]	968.705984
[-0.47387,84.3419,-22.3876]	968.733376
[-0.470998,84.3452,-22.3886]	968.76047
[-0.468325,84.3483,-22.3895]	968.785371
[-0.465744,84.3513,-22.3903]	968.810069
[-0.463051,84.3544,-22.3912]	968.834884
[-0.460366,84.3574,-22.392]	968.859387
[-0.456866,84.361,-22.3932]	968.883871
[-0.451731,84.3656,-22.3952]	968.90823
[-0.444704,84.3706,-22.3982]	968.932881
[-0.437342,84.3752,-22.4017]	968.957326
[-0.43053,84.3799,-22.4055]	968.981828
[-0.424923,84.3856,-22.4099]	969.007378
[-0.420482,84.3942,-22.4151]	969.033052
[-0.417098,84.4065,-22.4213]	969.058732
[-0.415198,84.4204,-22.4287]	969.083873
[-0.415363,84.4356,-22.4341]	969.10901
[-0.418017,84.4532,-22.4404]	969.134136
[-0.423275,84.4703,-22.4464]	969.157564
[-0.432022,84.487,-22.4539]	969.181246
[-0.4446,84.503,-22.4624]	969.204563
[-0.46113,84.5187,-22.4715]	969.2273
[-0.481086,84.5341,-22.4816]	969.249852
[-0.503854,84.5492,-22.4921]	969.272629
[-0.525578,84.5624,-22.5023]	969.295225
[-0.54425,84.5741,-22.5119]	969.317957
[-0.559654,84.5849,-22.519]	969.340604
[-0.594759,84.6243,-22.5409]	969.409377
[-0.603111,84.638,-22.5476]	969.432164
[-0.60905,84.6518,-22.5537]	969.454977
[-0.613032,84.6656,-22.5597]	969.478007
[-0.615437,84.6794,-22.5666]	969.503303
[-0.616649,84.6927,-22.5736]	969.529431
[-0.617026,84.7023,-22.5794]	969.554877
[-0.617295,84.7085,-22.5838]	969.579625
[-0.6179,84.714,-22.5883]	969.603899
[-0.619097,84.7196,-22.5934]	969.628724
[-0.620257,84.7234,-22.5976]	969.652962
[-0.621619,84.7267,-22.6016]	969.677874
[-0.622886,84.7293,-22.6049]	969.702064
[-0.624389,84.7323,-22.6083]	969.727051
[-0.62574,84.7348,-22.6112]	969.751643
[-0.626657,84.7367,-22.6133]	969.776634
[-0.627845,84.7392,-22.6159]	969.801631
[-0.629486,84.7429,-22.6193]	969.827034
[-0.631345,84.7477,-22.623]	969.852074
[-0.633218,84.7534,-22.6273]	969.87726
[-0.635657,84.7616,-22.6334]	969.901684
[-0.63763,84.7687,-22.638]	969.926633
[-0.63995,84.7774,-22.6437]	969.951279
[-0.641798,84.7846,-22.6481]	969.976386
[-0.643233,84.7902,-22.6515]	970.00079
[-0.644924,84.7972,-22.6557]	970.025703
[-0.646256,84.803,-22.6599]	970.050403
[-0.647577,84.8092,-22.6651]	970.07532
[-0.6487,84.8153,-22.6713]	970.100714
[-0.649623,84.8209,-22.6782]	970.126184
[-0.650304,84.8255,-22.685]	970.151575
[-0.650938,84.8299,-22.692]	970.177373
[-0.651494,84.8343,-22.6984]	970.202553
[-0.652114,84.841,-22.7067]	970.228365
[-0.652611,84.8531,-22.7188]	970.253419
[-0.652513,84.8702,-22.7322]	970.279254
[-0.651572,84.891,-22.7456]	970.304731
[-0.649899,84.9124,-22.7582]	970.329269
[-0.647789,84.9343,-22.7709]	970.353947
[-0.645756,84.9558,-22.7832]	970.378875
[-0.64449,84.9734,-22.7941]	970.403326
[-0.643669,84.996,-22.8083]	970.42798
[-0.643367,85.0177,-22.8228]	970.452207
[-0.643455,85.0423,-22.8382]	970.477382
[-0.643628,85.0692,-22.8543]	970.502021
[-0.643519,85.0991,-22.871]	970.526775
[-0.64285,85.1348,-22.889]	970.552316
[-0.641384,85.1747,-22.9076]	970.578128
[-0.639107,85.2156,-22.9245]	970.603685
[-0.63581,85.2589,-22.9419]	970.629459
[-0.630837,85.3116,-22.9633]	970.655286
[-0.617049,85.4245,-23.0077]	970.704636
[-0.608826,85.4822,-23.0308]	970.727997
[-0.601151,85.5304,-23.0511]	970.751354
[-0.593642,85.5731,-23.0701]	970.774748
[-0.586118,85.6123,-23.0884]	970.798025
[-0.578724,85.6482,-23.1056]	970.8215
[-0.571383,85.6814,-23.1217]	970.844637
[-0.564055,85.7122,-23.1366]	970.86806
[-0.556656,85.7411,-23.1508]	970.891729
[-0.548944,85.7686,-23.1644]	970.915381
[-0.540878,85.7941,-23.1774]	970.939544
[-0.534122,85.8137,-23.1867]	970.96408
[-0.526556,85.8343,-23.1969]	970.988416
[-0.519905,85.8509,-23.2067]	971.011698
[-0.513198,85.8668,-23.2172]	971.03497
[-0.506422,85.8821,-23.2277]	971.058456
[-0.499912,85.8958,-23.2375]	971.081399
[-0.492924,85.9089,-23.2475]	971.10429
[-0.48565,85.9215,-23.2572]	971.127217
[-0.479273,85.9317,-23.2657]	971.150228
[-0.4726,85.9421,-23.2742]	971.173348
[-0.465117,85.9543,-23.2833]	971.196505
[-0.45865,85.9662,-23.2913]	971.218976
[-0.452908,85.9779,-23.3]	971.241883
[-0.447804,85.9899,-23.3085]	971.264397
[-0.443778,86.0003,-23.3154]	971.287746
[-0.441007,86.0076,-23.3207]	971.310713
[-0.439033,86.0129,-23.3244]	971.333695
[-0.437112,86.0178,-23.328]	971.356476
[-0.434629,86.0238,-23.3326]	971.379241
[-0.432037,86.0294,-23.3371]	971.401856
[-0.428734,86.0355,-23.342]	971.424639
[-0.424728,86.0416,-23.347]	971.446958
[-0.418745,86.0494,-23.3539]	971.469633
[-0.412814,86.0565,-23.3597]	971.492226
[-0.404674,86.0657,-23.3669]	971.515066
[-0.393128,86.0784,-23.3761]	971.53785
[-0.378686,86.0939,-23.3864]	971.561381
[-0.364943,86.1085,-23.3955]	971.58498
[-0.353103,86.1212,-23.4036]	971.608756
[-0.345232,86.1297,-23.4093]	971.632474
[-0.33874,86.1368,-23.4143]	971.656562
[-0.333707,86.1424,-23.4186]	971.680216
[-0.328577,86.1483,-23.4232]	971.704263
[-0.323533,86.1541,-23.4281]	971.727847
[-0.318672,86.1597,-23.4332]	971.751582
[-0.314023,86.1647,-23.438]	971.775104
[-0.308848,86.1697,-23.4432]	971.798881
[-0.303123,86.1744,-23.4485]	971.822072
[-0.295765,86.1792,-23.4551]	971.845252
[-0.28407,86.1854,-23.4646]	971.867955
[-0.268663,86.192,-23.4756]	971.890851
[-0.248958,86.1995,-23.4885]	971.913782
[-0.227106,86.2076,-23.5021]	971.936962
[-0.205754,86.2161,-23.5157]	971.959973
[-0.18759,86.2246,-23.5285]	971.983255
[-0.172338,86.2332,-23.5408]	972.006103
[-0.159211,86.2421,-23.5536]	972.029288
[-0.148095,86.2513,-23.567]	972.053164
[-0.139895,86.2592,-23.5807]	972.077221
[-0.133578,86.2665,-23.5945]	972.101191
[-0.128456,86.2732,-23.6093]	972.125961
[-0.124454,86.2789,-23.6244]	972.150785
[-0.121361,86.2836,-23.6396]	972.175783
[-0.118928,86.2874,-23.6556]	972.201157
[-0.117034,86.2905,-23.6722]	972.226594
[-0.115639,86.2929,-23.6867]	972.252137
[-0.114527,86.2951,-23.6989]	972.27696
[-0.113224,86.2978,-23.7115]	972.301999
[-0.110999,86.302,-23.7269]	972.326893
[-0.107974,86.3067,-23.7421]	972.351262
[-0.103818,86.3119,-23.7575]	972.375462
[-0.09842,86.3169,-23.7729]	972.399783
[-0.0754543,86.3256,-23.8133]	972.471881
[-0.0655235,86.3274,-23.8278]	972.495876
[-0.0525692,86.3278,-23.8449]	972.51988
[-0.0359464,86.3266,-23.8659]	972.54388
[-0.0154492,86.3236,-23.8903]	972.567717
[0.00295198,86.3195,-23.9134]	972.591759
[0.0184507,86.3153,-23.9338]	972.615589
[0.0327597,86.3105,-23.9542]	972.640632
[0.0460168,86.3049,-23.9745]	972.665423
[0.0580176,86.2985,-23.9951]	972.69034
[0.0678972,86.2919,-24.0148]	972.715175
[0.0763395,86.2849,-24.0344]	972.740128
[0.0827342,86.2785,-24.0525]	972.764665
[0.0884512,86.2718,-24.0714]	972.789374
[0.0929318,86.2656,-24.0889]	972.813513
[0.0973227,86.259,-24.1092]	972.83825
[0.101325,86.2526,-24.1315]	972.862658
[0.10514,86.2473,-24.156]	972.887331
[0.108027,86.244,-24.1769]	972.911701
[0.110805,86.2419,-24.1975]	972.935748
[0.113833,86.2408,-24.2184]	972.959397
[0.117219,86.2404,-24.2385]	972.983259
[0.12107,86.2399,-24.2579]	973.006979
[0.124738,86.2393,-24.2743]	973.031153
[0.128136,86.2384,-24.2882]	973.055009
[0.131056,86.2374,-24.2986]	973.078295
[0.134216,86.236,-24.3087]	973.101709
[0.137915,86.234,-24.3194]	973.125337
[0.1426,86.2311,-24.3315]	973.148105
[0.152687,86.2236,-24.3554]	973.193755
[0.157437,86.2198,-24.3667]	973.216652
[0.161357,86.2163,-24.3763]	973.240479
[0.164814,86.2131,-24.3851]	973.264223
[0.168587,86.2094,-24.3949]	973.288187
[0.172263,86.2058,-24.4046]	973.311792
[0.176241,86.2019,-24.4154]	973.335587
[0.179081,86.1992,-24.4231]	973.359381
[0.18094,86.1975,-24.4279]	973.383136
[0.182649,86.196,-24.4323]	973.406892
[0.183781,86.195,-24.4351]	973.430566
[0.184547,86.1944,-24.437]	973.454746
[0.185261,86.1937,-24.4386]	973.478729
[0.187123,86.1917,-24.4434]	973.526304
[0.18798,86.1907,-24.4457]	973.550256
[0.188818,86.1894,-24.4485]	973.573882
[0.189646,86.188,-24.4516]	973.597516
[0.190559,86.1864,-24.456]	973.619532
[0.19177,86.1842,-24.4631]	973.642253
[0.19287,86.1822,-24.4705]	973.664538
[0.194285,86.18,-24.4805]	973.686875
[0.196341,86.1773,-24.4938]	973.70882
[0.199439,86.1742,-24.5103]	973.731315
[0.202993,86.1711,-24.5257]	973.7526
[0.207662,86.1674,-24.5429]	973.774261
[0.213179,86.1632,-24.5602]	973.7953
[0.219137,86.1582,-24.5763]	973.816545
[0.226057,86.152,-24.5925]	973.837308
[0.232824,86.1452,-24.6066]	973.85884
[0.240106,86.1373,-24.6213]	973.879936
[0.24663,86.1296,-24.6345]	973.901875
[0.252304,86.1225,-24.6468]	973.923081
[0.257139,86.1164,-24.6593]	973.944503
[0.260926,86.1117,-24.6711]	973.96531
[0.264184,86.1081,-24.6827]	973.986592
[0.267223,86.1056,-24.6944]	974.007792
[0.270617,86.1038,-24.7077]	974.029443
[0.274244,86.1028,-24.7213]	974.050557
[0.27814,86.1023,-24.7345]	974.072342
[0.281891,86.102,-24.746]	974.09435
[0.285575,86.1014,-24.7549]	974.116248
[0.289619,86.1004,-24.763]	974.137545
[0.294962,86.0989,-24.7721]	974.159359
[0.300451,86.0972,-24.78]	974.180838
[0.30681,86.0954,-24.7882]	974.203497
[0.313247,86.0937,-24.7962]	974.225855
[0.318896,86.0924,-24.8029]	974.248513
[0.324192,86.0913,-24.8092]	974.271531
[0.330894,86.0902,-24.8169]	974.294751
[0.339247,86.0887,-24.8259]	974.317733
[0.349708,86.0866,-24.8358]	974.341953
[0.360842,86.0842,-24.8448]	974.36603
[0.372392,86.0816,-24.8541]	974.390507
[0.387257,86.0781,-24.8645]	974.415886
[0.402179,86.0746,-24.8738]	974.441259
[0.417513,86.071,-24.8828]	974.466518
[0.434662,86.067,-24.893]	974.492091
[0.449448,86.0633,-24.9021]	974.517582
[0.463727,86.0593,-24.9109]	974.543249
[0.477377,86.0548,-24.9193]	974.568831
[0.49235,86.049,-24.9289]	974.594579
[0.505665,86.0433,-24.9382]	974.620337
[0.519531,86.0368,-24.948]	974.647211
[0.532483,86.0299,-24.9572]	974.673823
[0.542702,86.0242,-24.9653]	974.701005
[0.551783,86.019,-24.9729]	974.727319
[0.559792,86.0142,-24.9799]	974.754082
[0.566782,86.0099,-24.9869]	974.780524
[0.578153,86.0037,-24.9992]	974.83276
[0.583944,86.0011,-25.0053]	974.858819
[0.588142,85.9994,-25.0099]	974.884704
[0.591424,85.9981,-25.013]	974.910569
[0.594644,85.9969,-25.0158]	974.936136
[0.598012,85.9955,-25.0186]	974.961748
[0.602567,85.9935,-25.0224]	974.986205
[0.606191,85.9917,-25.0257]	975.010707
[0.609016,85.9902,-25.0284]	975.035205
[0.611851,85.9885,-25.0312]	975.059507
[0.614889,85.9867,-25.0343]	975.083346
[0.617269,85.9853,-25.0367]	975.107887
[0.620401,85.9833,-25.0401]	975.131457
[0.627997,85.9782,-25.0495]	975.178912
[0.631235,85.9761,-25.0538]	975.202588
[0.633682,85.9746,-25.0573]	975.225979
[0.635626,85.9734,-25.06]	975.249758
[0.637334,85.9724,-25.0623]	975.272891
[0.63906,85.9715,-25.0645]	975.297585
[0.640601,85.9707,-25.0663]	975.321783
[0.641903,85.9701,-25.0678]	975.346456
[0.642995,85.9696,-25.0691]	975.370405
[0.643598,85.9693,-25.0699]	975.394295
[0.64412,85.9691,-25.0707]	975.418226
[0.646257,85.9688,-25.0736]	975.493607
[0.647044,85.9687,-25.0747]	975.518711
[0.648008,85.9689,-25.0759]	975.543712
[0.649151,85.9691,-25.0771]	975.568962
[0.650655,85.9693,-25.0785]	975.593959
[0.65281,85.9697,-25.0803]	975.61913
[0.655487,85.97,-25.0825]	975.644246
[0.659088,85.9699,-25.0853]	975.669494
[0.664561,85.9692,-25.0898]	975.694702
[0.671334,85.9674,-25.0954]	975.72009
[0.678486,85.965,-25.1012]	975.745545
[0.68688,85.9615,-25.1081]	975.771126
[0.695195,85.9577,-25.1152]	975.796538
[0.702125,85.9546,-25.1214]	975.822198
[0.707995,85.9522,-25.1268]	975.847624
[0.713003,85.9504,-25.1317]	975.87312
[0.717082,85.9494,-25.1359]	975.897945
[0.721361,85.9488,-25.1403]	975.923003
[0.725464,85.9487,-25.1442]	975.947882
[0.729399,85.9489,-25.1479]	975.972619
[0.732807,85.9491,-25.151]	975.997387
[0.737781,85.9492,-25.1553]	976.046474
[0.740304,85.949,-25.1576]	976.071138
[0.744302,85.9483,-25.1613]	976.096008
[0.749624,85.9468,-25.1663]	976.120634
[0.756067,85.9445,-25.1723]	976.145319
[0.762896,85.9418,-25.179]	976.169979
[0.769479,85.9393,-25.1847]	976.194691
[0.776275,85.9368,-25.1898]	976.219874
[0.783826,85.9343,-25.1951]	976.245011
[0.792357,85.9313,-25.2008]	976.269971
[0.801387,85.9282,-25.207]	976.295062
[0.810407,85.9247,-25.2134]	976.320359
[0.818931,85.9207,-25.2198]	976.345507
[0.827399,85.9162,-25.226]	976.370354
[0.836544,85.9108,-25.2329]	976.395077
[0.847415,85.9039,-25.2412]	976.420261
[0.858753,85.8964,-25.2499]	976.445135
[0.870352,85.8889,-25.2588]	976.469965
[0.881603,85.8819,-25.2675]	976.494784
[0.892047,85.8757,-25.2758]	976.520457
[0.902988,85.8696,-25.2842]	976.546135
[0.910592,85.8653,-25.2907]	976.571754
[0.915916,85.8624,-25.295]	976.597223
[0.920248,85.8598,-25.2985]	976.622997
[0.924021,85.857,-25.3016]	976.648462
[0.927587,85.8536,-25.3048]	976.67424
[0.930722,85.8496,-25.3083]	976.699871
[0.933627,85.8446,-25.3124]	976.725412
[0.935771,85.8397,-25.3159]	976.749136
[0.937391,85.8353,-25.3196]	976.772757
[0.938851,85.8308,-25.3236]	976.79608
[0.940904,85.8252,-25.3298]	976.819622
[0.944048,85.8187,-25.3382]	976.842783
[0.948581,85.8124,-25.3473]	976.866131
[0.954474,85.8068,-25.3562]	976.889106
[0.961897,85.8019,-25.3654]	976.912553
[0.969921,85.7979,-25.3747]	976.935403
[0.97871,85.7944,-25.3833]	976.958876
[0.986984,85.7913,-25.3906]	976.981701
[0.996016,85.7877,-25.3985]	977.004839
[1.00389,85.7838,-25.4061]	977.028728
[1.01118,85.7789,-25.4128]	977.052745
[1.01765,85.7733,-25.4187]	977.07647
[1.02312,85.7671,-25.4249]	977.100257
[1.02773,85.7605,-25.4312]	977.123599
[1.03133,85.7535,-25.4377]	977.147375
[1.03402,85.7461,-25.4442]	977.170457
[1.03587,85.7387,-25.4511]	977.19383
[1.03692,85.7331,-25.4578]	977.216967
[1.0377,85.7287,-25.4643]	977.240588
[1.03848,85.7247,-25.4706]	977.263981
[1.03962,85.721,-25.477]	977.287618
[1.04106,85.718,-25.4822]	977.310469
[1.04328,85.7147,-25.4881]	977.333347
[1.04574,85.7118,-25.493]	977.356604
[1.0484,85.709,-25.4975]	977.380242
[1.05106,85.706,-25.5019]	977.403604
[1.05351,85.7032,-25.5059]	977.427122
[1.05629,85.7,-25.5108]	977.451057
[1.05923,85.6966,-25.5164]	977.475461
[1.06206,85.6933,-25.5224]	977.499693
[1.06476,85.6904,-25.5284]	977.524263
[1.0673,85.6883,-25.5345]	977.549501
[1.07008,85.6868,-25.5407]	977.574332
[1.07369,85.6859,-25.5471]	977.599108
[1.07857,85.6852,-25.5539]	977.62387
[1.08457,85.6846,-25.5603]	977.648466
[1.09221,85.6842,-25.5667]	977.673376
[1.10167,85.6836,-25.5736]	977.698061
[1.1103,85.6829,-25.5802]	977.722845
[1.1164,85.6822,-25.5855]	977.747495
[1.12193,85.6814,-25.5907]	977.771959
[1.1281,85.6803,-25.5974]	977.796624
[1.1329,85.6796,-25.6037]	977.819978
[1.13671,85.6792,-25.6101]	977.843076
[1.13984,85.6793,-25.6167]	977.866538
[1.14241,85.68,-25.6237]	977.889637
[1.1444,85.6813,-25.6307]	977.912466
[1.14604,85.6828,-25.6375]	977.935351
[1.14786,85.685,-25.6453]	977.958759
[1.15004,85.6874,-25.654]	977.981852
[1.152,85.6894,-25.6611]	978.005375
[1.15353,85.6908,-25.6664]	978.028726
[1.15467,85.6919,-25.6704]	978.052353
[1.15578,85.6931,-25.6741]	978.075791
[1.15684,85.6944,-25.6779]	978.100503
[1.1575,85.6953,-25.6806]	978.124964
[1.15811,85.6963,-25.6832]	978.149632
[1.15854,85.697,-25.685]	978.171585
[1.15904,85.6979,-25.6869]	978.193932
[1.15974,85.6993,-25.6893]	978.215822
[1.16077,85.7012,-25.6923]	978.237943
[1.16232,85.7038,-25.6962]	978.259767
[1.16456,85.7066,-25.7014]	978.281853
[1.167,85.7091,-25.7059]	978.303408
[1.16971,85.7111,-25.7101]	978.325749
[1.17411,85.7132,-25.7165]	978.347456
[1.17957,85.7143,-25.7238]	978.369586
[1.18648,85.7143,-25.7336]	978.391497
[1.1931,85.713,-25.7429]	978.413605
[1.19991,85.7105,-25.7536]	978.438009
[1.2052,85.7079,-25.764]	978.462377
[1.20889,85.706,-25.7736]	978.486763
[1.21956,85.7038,-25.8059]	978.559495
[1.22226,85.7035,-25.8135]	978.583748
[1.22493,85.7029,-25.821]	978.607847
[1.22707,85.7019,-25.8272]	978.632222
[1.22889,85.7002,-25.8334]	978.656231
[1.2302,85.6975,-25.8391]	978.680087
[1.23093,85.6942,-25.8448]	978.704061
[1.23116,85.6906,-25.8498]	978.726882
[1.23099,85.687,-25.8547]	978.749413
[1.23033,85.6826,-25.8606]	978.772286
[1.2296,85.6795,-25.8658]	978.794976
[1.22831,85.6757,-25.8731]	978.817879
[1.22728,85.6731,-25.8789]	978.840329
[1.22645,85.6711,-25.8833]	978.863249
[1.22583,85.6696,-25.8871]	978.885728
[1.22544,85.6681,-25.8911]	978.908627
[1.22548,85.6669,-25.895]	978.931853
[1.22599,85.6658,-25.8991]	978.955312
[1.22712,85.6649,-25.9036]	978.978715
[1.22879,85.664,-25.9081]	979.002159
[1.23171,85.663,-25.9142]	979.025604
[1.2351,85.6621,-25.9204]	979.049131
[1.23965,85.6616,-25.9285]	979.072852
[1.24564,85.6616,-25.9389]	979.096715
[1.25222,85.6627,-25.9499]	979.120569
[1.25903,85.6646,-25.9613]	979.145094
[1.26586,85.6673,-25.9721]	979.169536
[1.27146,85.67,-25.9803]	979.194132
[1.27538,85.672,-25.9858]	979.218759
[1.2787,85.6736,-25.9908]	979.243104
[1.28171,85.6746,-25.9955]	979.267726
[1.28434,85.675,-25.9989]	979.293265
[1.28725,85.6747,-26.002]	979.318404
[1.29044,85.674,-26.0053]	979.343856
[1.29375,85.6731,-26.0083]	979.369045
[1.29753,85.6721,-26.0114]	979.39439
[1.30181,85.6711,-26.0148]	979.419629
[1.30735,85.67,-26.0191]	979.44473
[1.31548,85.6687,-26.025]	979.469974
[1.32416,85.6676,-26.0304]	979.495371
[1.33444,85.6661,-26.0363]	979.52021
[1.34744,85.664,-26.043]	979.545099
[1.36165,85.6616,-26.05]	979.570063
[1.37682,85.6583,-26.0576]	979.595611
[1.39225,85.6536,-26.0659]	979.620908
[1.40833,85.6475,-26.0739]	979.64641
[1.42315,85.6404,-26.0825]	979.672282
[1.43831,85.6319,-26.0916]	979.698377
[1.45194,85.6233,-26.1004]	979.724178
[1.46387,85.6154,-26.1079]	979.747596
[1.4722,85.6098,-26.1127]	979.771317
[1.48026,85.6045,-26.1173]	979.794938
[1.48668,85.6004,-26.1208]	979.818635
[1.49287,85.5966,-26.1242]	979.842262
[1.49857,85.5933,-26.1272]	979.865729
[1.50843,85.5885,-26.1328]	979.907687
[1.51315,85.5865,-26.1354]	979.929041
[1.51647,85.5852,-26.137]	979.949906
[1.51994,85.5841,-26.1388]	979.971761
[1.52271,85.5833,-26.14]	979.992823
[1.52606,85.5823,-26.1414]	980.014624
[1.52899,85.5816,-26.1426]	980.036032
[1.53225,85.5806,-26.1439]	980.058083
[1.53571,85.5794,-26.1453]	980.079861
[1.53937,85.5779,-26.1465]	980.103268
[1.54274,85.5763,-26.1479]	980.126302
[1.54692,85.574,-26.1492]	980.149587
[1.55304,85.5703,-26.1507]	980.17463
[1.55925,85.566,-26.1518]	980.199384
[1.56815,85.5593,-26.153]	980.22395
[1.5802,85.549,-26.1543]	980.24834
[1.59464,85.5351,-26.1556]	980.272587
[1.61138,85.5175,-26.157]	980.296929
[1.6266,85.5004,-26.1585]	980.319523
[1.64036,85.4845,-26.1604]	980.342399
[1.65509,85.4674,-26.1628]	980.364904
[1.67034,85.4498,-26.1653]	980.387407
[1.68235,85.4361,-26.1694]	980.409769
[1.69473,85.4219,-26.1735]	980.432637
[1.70578,85.4086,-26.1776]	980.454934
[1.71553,85.396,-26.1813]	980.477633
[1.72332,85.3851,-26.1848]	980.499979
[1.73089,85.3741,-26.1886]	980.524166
[1.73611,85.3664,-26.1914]	980.548141
[1.74077,85.3599,-26.1941]	980.572389
[1.74557,85.3537,-26.1968]	980.596766
[1.74919,85.3496,-26.1983]	980.621123
[1.75421,85.3446,-26.2002]	980.645351
[1.75954,85.34,-26.2021]	980.670624
[1.76411,85.3366,-26.204]	980.695454
[1.76748,85.3343,-26.2058]	980.720872
[1.77026,85.3324,-26.2074]	980.745745
[1.77212,85.3311,-26.2084]	980.770833
[1.77393,85.3299,-26.2092]	980.796046
[1.77597,85.3283,-26.2102]	980.821128
[1.77728,85.3273,-26.211]	980.846187
[1.77999,85.3249,-26.2127]	980.895929
[1.78114,85.3239,-26.2133]	980.920751
[1.78178,85.3234,-26.2136]	980.945488
[1.78222,85.323,-26.2138]	980.970253
[1.78275,85.3226,-26.2139]	980.994847
[1.78332,85.3222,-26.214]	981.019753
[1.78429,85.3214,-26.2142]	981.044398
[1.78535,85.3205,-26.2142]	981.069119
[1.7865,85.3194,-26.2143]	981.093607
[1.78773,85.3182,-26.2144]	981.118425
[1.7886,85.3173,-26.2146]	981.142326
[1.78962,85.3163,-26.2148]	981.166887
[1.79104,85.315,-26.215]	981.190828
[1.79332,85.313,-26.2153]	981.215368
[1.7966,85.3104,-26.2157]	981.239827
[1.80009,85.308,-26.2165]	981.264131
[1.80385,85.3059,-26.2173]	981.287352
[1.80962,85.3029,-26.2186]	981.310863
[1.81672,85.2994,-26.2198]	981.333925
[1.82612,85.2951,-26.2213]	981.355587
[1.83892,85.2892,-26.2228]	981.376906
[1.85262,85.2828,-26.2246]	981.398523
[1.86715,85.2757,-26.2264]	981.419363
[1.88137,85.2684,-26.2281]	981.441015
[1.89142,85.2628,-26.23]	981.461974
[1.90134,85.2569,-26.2315]	981.483228
[1.9099,85.2515,-26.2331]	981.5043
[1.93083,85.2381,-26.2386]	981.567049
[1.9359,85.2349,-26.2406]	981.587758
[1.94032,85.2324,-26.2422]	981.60893
[1.94474,85.2301,-26.2439]	981.630887
[1.94858,85.2284,-26.2452]	981.652135
[1.95144,85.2273,-26.2459]	981.673747
[1.9536,85.2265,-26.2462]	981.694793
[1.956,85.2257,-26.2465]	981.716363
[1.95892,85.2246,-26.2468]	981.7374
[1.96166,85.2236,-26.247]	981.758871
[1.96335,85.223,-26.247]	981.780179
[1.96517,85.2223,-26.247]	981.803761
[1.9671,85.2215,-26.247]	981.826656
[1.9691,85.2205,-26.247]	981.850383
[1.97085,85.2195,-26.2471]	981.873508
[1.97253,85.2184,-26.2475]	981.897464
[1.97445,85.217,-26.2482]	981.921103
[1.97683,85.2154,-26.2491]	981.946211
[1.9788,85.2142,-26.2501]	981.971342
[1.98122,85.2132,-26.2513]	981.996462
[1.9856,85.2121,-26.2533]	982.021376
[1.99244,85.2114,-26.2559]	982.046259
[2.00005,85.2114,-26.2588]	982.071132
[2.00862,85.212,-26.2618]	982.095841
[2.01826,85.2132,-26.2654]	982.120763
[2.02833,85.2144,-26.2696]	982.145624
[2.03734,85.2157,-26.2735]	982.170339
[2.04629,85.2173,-26.2773]	982.195374
[2.05509,85.2195,-26.2817]	982.220044
[2.06384,85.2223,-26.2862]	982.244925
[2.07188,85.2255,-26.2906]	982.269733
[2.07841,85.2285,-26.2941]	982.294504
[2.08386,85.2311,-26.2977]	982.319257
[2.08824,85.2336,-26.3007]	982.344018
[2.09215,85.2365,-26.3037]	982.368485
[2.09625,85.2411,-26.3076]	982.393215
[2.10005,85.2488,-26.3119]	982.41808
[2.10307,85.2598,-26.3169]	982.442502
[2.10547,85.2756,-26.3237]	982.466228
[2.10654,85.2963,-26.3313]	982.490127
[2.10581,85.3201,-26.3403]	982.513872
[2.10243,85.3501,-26.3514]	982.537458
[2.09494,85.3881,-26.365]	982.561107
[2.08346,85.4309,-26.3804]	982.584836
[2.0694,85.4752,-26.3968]	982.608856
[2.0536,85.519,-26.4123]	982.633077
[2.0372,85.5606,-26.4275]	982.657099
[2.02458,85.5908,-26.4418]	982.681835
[2.01454,85.6134,-26.4516]	982.706301
[2.00502,85.6339,-26.4606]	982.73096
[1.99746,85.6494,-26.4691]	982.755812
[1.99005,85.6636,-26.4772]	982.781088
[1.98395,85.6752,-26.4834]	982.80603
[1.97813,85.6865,-26.4887]	982.831248
[1.97235,85.6986,-26.4939]	982.856114
[1.96648,85.7123,-26.499]	982.881381
[1.9613,85.7263,-26.5042]	982.90623
[1.95441,85.7471,-26.5111]	982.931369
[1.94632,85.7728,-26.5195]	982.956081
[1.93965,85.7947,-26.5268]	982.981388
[1.93217,85.8203,-26.5355]	983.006267
[1.92564,85.8438,-26.5433]	983.03144
[1.91945,85.868,-26.5518]	983.05575
[1.91426,85.8905,-26.5607]	983.080637
[1.91082,85.9066,-26.5663]	983.104829
[1.9078,85.9215,-26.5715]	983.128662
[1.90493,85.9359,-26.5766]	983.152228
[1.90209,85.9494,-26.5814]	983.175848
[1.8999,85.9591,-26.5845]	983.199322
[1.89731,85.9691,-26.5876]	983.222582
[1.8951,85.9767,-26.5904]	983.245853
[1.89257,85.9841,-26.5933]	983.269383
[1.8898,85.9909,-26.5961]	983.292669
[1.88628,85.9981,-26.5993]	983.316126
[1.88112,86.0072,-26.6036]	983.338563
[1.87507,86.0163,-26.6081]	983.361138
[1.86801,86.0259,-26.6129]	983.384024
[1.86122,86.0347,-26.6177]	983.406513
[1.85206,86.0465,-26.6234]	983.42841
[1.84162,86.0604,-26.6299]	983.451084
[1.83003,86.0769,-26.6364]	983.473583
[1.81835,86.0946,-26.6431]	983.496245
[1.80744,86.1118,-26.6491]	983.518597
[1.79637,86.1293,-26.6552]	983.541141
[1.78755,86.1431,-26.6604]	983.563602
[1.77934,86.1555,-26.6654]	983.586255
[1.76991,86.1691,-26.6708]	983.610731
[1.76077,86.1814,-26.6765]	983.635337
[1.75103,86.194,-26.6822]	983.659915
[1.74425,86.2025,-26.6866]	983.683483
[1.7383,86.2098,-26.6903]	983.706908
[1.73321,86.216,-26.6933]	983.73046
[1.72909,86.2209,-26.6959]	983.754344
[1.72627,86.2242,-26.6978]	983.77838
[1.72307,86.228,-26.7001]	983.802014
[1.72034,86.2314,-26.7022]	983.825087
[1.71783,86.2344,-26.7043]	983.847981
[1.71486,86.2381,-26.7066]	983.871005
[1.71235,86.2409,-26.7088]	983.893656
[1.70847,86.2451,-26.712]	983.9165
[1.70359,86.2501,-26.7159]	983.939016
[1.69797,86.2555,-26.7202]	983.961502
[1.69091,86.2621,-26.7254]	983.983654
[1.68269,86.2694,-26.7308]	984.006033
[1.67504,86.2763,-26.7353]	984.027596
[1.66602,86.2848,-26.7405]	984.049261
[1.65731,86.2936,-26.7456]	984.070405
[1.64886,86.3027,-26.7502]	984.092552
[1.64217,86.3105,-26.7548]	984.114343
[1.637,86.3168,-26.7581]	984.136335
[1.63223,86.323,-26.7611]	984.157913
[1.629,86.3272,-26.7629]	984.180035
[1.62628,86.3307,-26.7644]	984.202052
[1.62331,86.3345,-26.7661]	984.222323
[1.61973,86.339,-26.7682]	984.242391
[1.6162,86.3431,-26.7702]	984.262882
[1.61319,86.3466,-26.7718]	984.282743
[1.60992,86.3502,-26.7735]	984.302317
[1.60534,86.3552,-26.776]	984.32251
[1.60153,86.3595,-26.7787]	984.342365
[1.59767,86.3641,-26.7816]	984.362622
[1.59262,86.3703,-26.7855]	984.382491
[1.58737,86.3774,-26.7899]	984.402784
[1.58291,86.384,-26.7939]	984.422964
[1.57905,86.3902,-26.7976]	984.44332
[1.56708,86.4104,-26.811]	984.511512
[1.56383,86.4157,-26.815]	984.534207
[1.56116,86.4196,-26.8185]	984.556976
[1.55802,86.4236,-26.822]	984.579885
[1.55225,86.43,-26.8277]	984.604887
[1.54529,86.437,-26.8337]	984.629978
[1.5367,86.4449,-26.8404]	984.65495
[1.52637,86.4541,-26.8476]	984.680373
[1.51457,86.4644,-26.8547]	984.705637
[1.50154,86.4756,-26.8623]	984.731006
[1.48784,86.4871,-26.8698]	984.755928
[1.46861,86.5032,-26.8799]	984.781002
[1.44342,86.5246,-26.8927]	984.805848
[1.4189,86.5462,-26.9043]	984.83066
[1.39562,86.5676,-26.9143]	984.855507
[1.373,86.5896,-26.9238]	984.880255
[1.35374,86.6095,-26.9327]	984.90494
[1.33557,86.6291,-26.9411]	984.92955
[1.32007,86.6463,-26.9487]	984.954383
[1.30592,86.6621,-26.9557]	984.979259
[1.29592,86.6733,-26.9613]	985.004064
[1.2883,86.6819,-26.966]	985.028793
[1.28214,86.6887,-26.9697]	985.054087
[1.27629,86.695,-26.9731]	985.079377
[1.27056,86.701,-26.9764]	985.104334
[1.26476,86.707,-26.9797]	985.13032
[1.25813,86.7137,-26.9836]	985.156026
[1.25258,86.7191,-26.9871]	985.181999
[1.24772,86.7236,-26.9903]	985.204452
[1.2426,86.7286,-26.9937]	985.227179
[1.2373,86.7339,-26.9975]	985.249773
[1.23136,86.7402,-27.0019]	985.272721
[1.22491,86.7476,-27.0062]	985.295225
[1.21828,86.7555,-27.0103]	985.31802
[1.21168,86.7638,-27.0141]	985.340785
[1.20593,86.7712,-27.017]	985.363644
[1.20066,86.7782,-27.0197]	985.386349
[1.19637,86.7842,-27.0215]	985.408165
[1.19252,86.7901,-27.023]	985.430143
[1.18587,86.8034,-27.0255]	985.473195
[1.18196,86.813,-27.027]	985.494384
[1.17803,86.8247,-27.0289]	985.514954
[1.17414,86.8382,-27.0304]	985.536105
[1.17054,86.8523,-27.032]	985.556284
[1.16727,86.8661,-27.0332]	985.577065
[1.16406,86.8802,-27.0343]	985.597268
[1.16084,86.8948,-27.0356]	985.617955
[1.15677,86.9134,-27.0373]	985.638275
[1.152,86.9352,-27.0393]	985.659139
[1.14764,86.9551,-27.0414]	985.679779
[1.14413,86.9717,-27.0438]	985.700788
[1.14121,86.9859,-27.0456]	985.721617
[1.13864,86.9993,-27.0481]	985.746802
[1.13639,87.0117,-27.0504]	985.771596
[1.13421,87.0239,-27.0527]	985.796634
[1.13246,87.0335,-27.0546]	985.82202
[1.13082,87.0415,-27.0562]	985.847753
[1.12976,87.0465,-27.0573]	985.873221
[1.12866,87.0511,-27.0584]	985.898456
[1.12775,87.0546,-27.0593]	985.923751
[1.12629,87.0596,-27.0606]	985.948832
[1.12454,87.0651,-27.0622]	985.974505
[1.12162,87.0737,-27.0644]	986.000127
[1.11802,87.0833,-27.0666]	986.025549
[1.11387,87.0936,-27.0689]	986.047385
[1.10728,87.1087,-27.0722]	986.068651
[1.09033,87.1446,-27.0801]	986.112166
[1.08086,87.1642,-27.0852]	986.134186
[1.07116,87.1839,-27.0901]	986.155777
[1.06079,87.2042,-27.0956]	986.177887
[1.05064,87.2236,-27.1009]	986.199466
[1.0399,87.2433,-27.1067]	986.221251
[1.03062,87.2595,-27.1124]	986.242533
[1.02059,87.2757,-27.1186]	986.265
[1.01071,87.2906,-27.125]	986.286849
[1.00087,87.3043,-27.131]	986.308983
[0.990006,87.3185,-27.1376]	986.33322
[0.977071,87.3345,-27.1449]	986.357621
[0.967576,87.3464,-27.1506]	986.381689
[0.957481,87.3597,-27.1571]	986.404637
[0.948854,87.372,-27.163]	986.427192
[0.940156,87.3856,-27.1694]	986.449998
[0.930877,87.4017,-27.1766]	986.472237
[0.922027,87.4184,-27.1839]	986.49475
[0.913754,87.4351,-27.1909]	986.516979
[0.906355,87.4514,-27.1978]	986.539715
[0.899929,87.4666,-27.2044]	986.562216
[0.893238,87.4835,-27.2112]	986.585131
[0.885638,87.5049,-27.2197]	986.607787
[0.87865,87.5272,-27.2284]	986.630457
[0.872996,87.5474,-27.2356]	986.653042
[0.868335,87.5662,-27.2416]	986.67775
[0.864187,87.5844,-27.2475]	986.702262
[0.861127,87.5982,-27.2517]	986.726746
[0.858997,87.6075,-27.2542]	986.751677
[0.85743,87.6144,-27.2563]	986.777004
[0.855902,87.6212,-27.2584]	986.802132
[0.854655,87.6271,-27.2603]	986.82775
[0.853945,87.6308,-27.2613]	986.853301
[0.853477,87.6335,-27.2619]	986.878701
[0.852477,87.6389,-27.2631]	986.930376
[0.851774,87.642,-27.2637]	986.956122
[0.851,87.6447,-27.2645]	986.981786
[0.850124,87.6475,-27.2652]	987.004748
[0.849275,87.6502,-27.2657]	987.027451
[0.848396,87.6535,-27.2659]	987.050525
[0.84773,87.6566,-27.2659]	987.071657
[0.847076,87.6604,-27.2657]	987.093508
[0.846148,87.668,-27.2652]	987.114534
[0.844857,87.6804,-27.2641]	987.136386
[0.843178,87.6978,-27.2625]	987.157523
[0.84097,87.7205,-27.2602]	987.179248
[0.838426,87.746,-27.2574]	987.200536
[0.834831,87.7809,-27.2532]	987.222459
[0.829168,87.8353,-27.2473]	987.243822
[0.820474,87.9149,-27.2392]	987.266887
[0.810514,88.0035,-27.2322]	987.289479
[0.799243,88.1004,-27.2259]	987.311999
[0.787746,88.1939,-27.2223]	987.336551
[0.778146,88.2672,-27.2227]	987.361338
[0.769558,88.3237,-27.2248]	987.385999
[0.762057,88.365,-27.2287]	987.411131
[0.731478,88.4503,-27.252]	987.4865
[0.721064,88.4714,-27.2599]	987.511583
[0.712673,88.4851,-27.2671]	987.53675
[0.704863,88.4958,-27.2735]	987.562248
[0.696347,88.5063,-27.2799]	987.588131
[0.687833,88.5161,-27.2859]	987.613753
[0.681002,88.5237,-27.2907]	987.635472
[0.673079,88.5325,-27.296]	987.6575
[0.664705,88.5417,-27.3019]	987.679035
[0.655986,88.5515,-27.3083]	987.70125
[0.646699,88.5622,-27.3154]	987.722956
[0.634801,88.5764,-27.3241]	987.744992
[0.617557,88.5981,-27.3364]	987.766661
[0.595293,88.6278,-27.3512]	987.788963
[0.57068,88.6632,-27.3662]	987.81104
[0.540373,88.711,-27.3831]	987.834626
[0.499139,88.7815,-27.403]	987.857954
[0.368843,89.0241,-27.4475]	987.905972
[0.273651,89.2059,-27.4703]	987.930585
[0.132789,89.4727,-27.4943]	987.955131
[-0.0415157,89.7949,-27.5203]	987.979415
[-0.216935,90.1059,-27.54]	988.003466
[-0.36029,90.3465,-27.5446]	988.027375
[-0.47151,90.5222,-27.5392]	988.051109
[-0.571555,90.6708,-27.5285]	988.075157
[-0.668504,90.8057,-27.5197]	988.09893
[-0.755547,90.9181,-27.5078]	988.122914
[-0.839006,91.018,-27.4951]	988.146964
[-0.918438,91.105,-27.4825]	988.170738
[-0.993736,91.1795,-27.4711]	988.194735
[-1.06109,91.2376,-27.4629]	988.218746
[-1.12679,91.2852,-27.4567]	988.242388
[-1.20337,91.3281,-27.4482]	988.266382
[-1.29359,91.3614,-27.4417]	988.291496
[-1.3915,91.3767,-27.4381]	988.316498
[-1.48674,91.3706,-27.4376]	988.340906
[-1.59495,91.3422,-27.4412]	988.366123
[-1.70076,91.2958,-27.4482]	988.390768
[-1.80121,91.2409,-27.4555]	988.415882
[-1.87725,91.1977,-27.4625]	988.437654
[-1.94273,91.163,-27.4711]	988.459619
[-1.99805,91.1392,-27.4776]	988.481194
[-2.04168,91.1272,-27.4812]	988.501759
[-2.07426,91.1244,-27.4818]	988.521656
[-2.09761,91.1283,-27.4793]	988.542054
[-2.11168,91.1362,-27.4739]	988.561335
[-2.11947,91.1451,-27.4666]	988.580626
[-2.12296,91.1539,-27.4597]	988.599752
[-2.12323,91.1609,-27.4547]	988.619131
[-2.122,91.1656,-27.4495]	988.638337
[-2.1203,91.1676,-27.4439]	988.657491
[-2.11869,91.1672,-27.438]	988.676833
[-2.11695,91.1646,-27.4324]	988.696071
[-2.11491,91.16,-27.4265]	988.715005
[-2.11233,91.1534,-27.4205]	988.735378
[-2.10942,91.1456,-27.4152]	988.75518
[-2.10554,91.1355,-27.4098]	988.775407
[-2.09964,91.1223,-27.4033]	988.79818
[-2.09205,91.1075,-27.3955]	988.821333
[-2.08253,91.0916,-27.3875]	988.844146
[-2.06965,91.073,-27.3791]	988.86784
[-2.054,91.052,-27.3723]	988.891168
[-2.03693,91.0296,-27.3646]	988.91508
[-2.01786,91.0039,-27.3563]	988.938856
[-1.9979,90.9752,-27.3461]	988.962881
[-1.97687,90.942,-27.3357]	988.986638
[-1.9558,90.9038,-27.3243]	989.010196
[-1.93499,90.8591,-27.3127]	989.033729
[-1.91407,90.8044,-27.2994]	989.057513
[-1.89563,90.7454,-27.2846]	989.080884
[-1.87927,90.6826,-27.2698]	989.104259
[-1.86437,90.615,-27.2551]	989.127471
[-1.8513,90.5462,-27.2416]	989.1507
[-1.83994,90.4801,-27.2281]	989.173686
[-1.82846,90.411,-27.2132]	989.197253
[-1.81618,90.3385,-27.1982]	989.221832
[-1.80371,90.2646,-27.183]	989.246623
[-1.7912,90.1884,-27.1694]	989.271379
[-1.77934,90.1115,-27.1593]	989.29637
[-1.76795,90.0324,-27.152]	989.321296
[-1.75672,89.9494,-27.1459]	989.34621
[-1.74552,89.8608,-27.1414]	989.37117
[-1.7344,89.7654,-27.1381]	989.396235
[-1.72281,89.6604,-27.1366]	989.421292
[-1.70999,89.5369,-27.1344]	989.446371
[-1.69584,89.3941,-27.1321]	989.471515
[-1.66321,89.0393,-27.1288]	989.521262
[-1.64619,88.8475,-27.1293]	989.545836
[-1.62825,88.6429,-27.1335]	989.570466
[-1.61106,88.4398,-27.1403]	989.595312
[-1.59677,88.2585,-27.1482]	989.619881
[-1.58702,88.1294,-27.155]	989.644636
[-1.57872,88.0209,-27.1618]	989.669388
[-1.5713,87.9302,-27.1696]	989.694206
[-1.56377,87.8487,-27.178]	989.719211
[-1.55581,87.7769,-27.1872]	989.744261
[-1.54713,87.7129,-27.1948]	989.769386
[-1.53697,87.6558,-27.2024]	989.7945
[-1.5248,87.6046,-27.2093]	989.819632
[-1.49166,87.517,-27.2193]	989.868966
[-1.47346,87.4778,-27.2225]	989.893755
[-1.45101,87.4345,-27.2247]	989.918562
[-1.42824,87.3925,-27.2263]	989.942546
[-1.40344,87.3466,-27.2279]	989.966813
[-1.38266,87.3067,-27.228]	989.991133
[-1.36563,87.2722,-27.2276]	990.013456
[-1.3487,87.2368,-27.2271]	990.036131
[-1.33545,87.2087,-27.2263]	990.058454
[-1.3251,87.187,-27.2262]	990.080979
[-1.31573,87.1681,-27.226]	990.10333
[-1.30678,87.1508,-27.226]	990.126146
[-1.29835,87.1352,-27.2263]	990.149154
[-1.29153,87.1232,-27.2269]	990.172333
[-1.28507,87.1127,-27.2277]	990.195353
[-1.2767,87.1003,-27.2288]	990.220266
[-1.26768,87.0878,-27.23]	990.244851
[-1.25955,87.077,-27.2316]	990.269636
[-1.25109,87.0648,-27.233]	990.293137
[-1.24216,87.0497,-27.2352]	990.316461
[-1.23422,87.0323,-27.2374]	990.339847
[-1.22779,87.0127,-27.2402]	990.362623
[-1.22266,86.9895,-27.2437]	990.385001
[-1.2115,86.8939,-27.252]	990.451746
[-1.20777,86.8595,-27.2539]	990.473588
[-1.2038,86.825,-27.2556]	990.495935
[-1.19957,86.793,-27.2568]	990.518879
[-1.19538,86.7655,-27.2571]	990.541352
[-1.19102,86.7417,-27.2566]	990.56422
[-1.18627,86.72,-27.2558]	990.586783
[-1.18094,86.6991,-27.255]	990.609853
[-1.17508,86.6789,-27.2539]	990.633498
[-1.16868,86.6588,-27.253]	990.657752
[-1.16349,86.6435,-27.2527]	990.681609
[-1.15994,86.6329,-27.2523]	990.706747
[-1.15747,86.6252,-27.2522]	990.7318
[-1.15531,86.6177,-27.2526]	990.757013
[-1.15279,86.6073,-27.2531]	990.781402
[-1.14994,86.5931,-27.254]	990.805999
[-1.14685,86.5756,-27.2551]	990.830323
[-1.14372,86.5566,-27.2568]	990.853977
[-1.14069,86.5377,-27.258]	990.877758
[-1.13803,86.5214,-27.2593]	990.90139
[-1.13464,86.5011,-27.2609]	990.925382
[-1.13054,86.4775,-27.2625]	990.949499
[-1.12564,86.4507,-27.2639]	990.973353
[-1.12075,86.4259,-27.2661]	990.997261
[-1.11669,86.4065,-27.2684]	991.020738
[-1.11338,86.3915,-27.2707]	991.044623
[-1.11063,86.3795,-27.2724]	991.066832
[-1.10867,86.3708,-27.2732]	991.089496
[-1.10702,86.3632,-27.2737]	991.111731
[-1.1055,86.3551,-27.2745]	991.134605
[-1.10434,86.3476,-27.2752]	991.157333
[-1.10345,86.3407,-27.276]	991.180371
[-1.10276,86.3342,-27.2766]	991.202475
[-1.10226,86.3285,-27.2773]	991.224888
[-1.10176,86.3216,-27.2782]	991.246798
[-1.10135,86.3138,-27.2789]	991.270881
[-1.10105,86.3056,-27.2798]	991.294534
[-1.10084,86.2945,-27.2811]	991.31837
[-1.10078,86.2848,-27.2826]	991.342514
[-1.10076,86.2776,-27.2834]	991.366958
[-1.10069,86.2732,-27.2838]	991.391387
[-1.10057,86.2693,-27.2842]	991.413501
[-1.10037,86.265,-27.2846]	991.435301
[-1.1001,86.2607,-27.2849]	991.457617
[-1.09979,86.2571,-27.2851]	991.480103
[-1.09947,86.2539,-27.2851]	991.502629
[-1.09926,86.2521,-27.2852]	991.524702
[-1.09902,86.2503,-27.2853]	991.547375
[-1.09883,86.2488,-27.2854]	991.569604
[-1.09859,86.247,-27.2856]	991.591945
[-1.0982,86.2438,-27.2858]	991.61341
[-1.09769,86.2396,-27.2861]	991.635461
[-1.09733,86.2364,-27.2864]	991.6569
[-1.09688,86.2319,-27.2868]	991.679731
[-1.09637,86.2266,-27.2872]	991.702419
[-1.09584,86.2212,-27.2875]	991.725064
[-1.0952,86.2153,-27.2877]	991.747603
[-1.09452,86.2096,-27.2879]	991.77034
[-1.09274,86.197,-27.2879]	991.815378
[-1.09181,86.1911,-27.288]	991.837454
[-1.09115,86.1871,-27.2879]	991.859395
[-1.09048,86.1833,-27.2877]	991.882008
[-1.08973,86.1792,-27.2876]	991.905472
[-1.08903,86.1752,-27.2875]	991.929232
[-1.08851,86.172,-27.2876]	991.952564
[-1.08789,86.1675,-27.2875]	991.976431
[-1.08729,86.1626,-27.2876]	991.999808
[-1.08679,86.1574,-27.2877]	992.023741
[-1.0864,86.1525,-27.288]	992.048475
[-1.08599,86.146,-27.2883]	992.073494
[-1.08549,86.1378,-27.2888]	992.098345
[-1.08494,86.1302,-27.2892]	992.122872
[-1.08432,86.1234,-27.2895]	992.146974
[-1.08377,86.1183,-27.2895]	992.171499
[-1.08316,86.1127,-27.2896]	992.195975
[-1.08259,86.1068,-27.2896]	992.22063
[-1.08222,86.1,-27.2896]	992.245103
[-1.08216,86.093,-27.2897]	992.269518
[-1.08262,86.0827,-27.2897]	992.294374
[-1.08388,86.0714,-27.2897]	992.319001
[-1.08632,86.0581,-27.2898]	992.343225
[-1.09054,86.0419,-27.29]	992.367526
[-1.09744,86.0211,-27.2901]	992.392138
[-1.10754,85.9953,-27.2904]	992.416502
[-1.11898,85.9687,-27.2908]	992.440888
[-1.13045,85.9444,-27.2908]	992.465223
[-1.14221,85.921,-27.2904]	992.489887
[-1.15316,85.8999,-27.2904]	992.514257
[-1.16375,85.8801,-27.2906]	992.538667
[-1.17392,85.8623,-27.2903]	992.563381
[-1.18402,85.8458,-27.29]	992.587981
[-1.19425,85.8307,-27.29]	992.612639
[-1.20499,85.8165,-27.2899]	992.638131
[-1.21507,85.8041,-27.2894]	992.663463
[-1.22432,85.793,-27.2888]	992.689013
[-1.23409,85.7818,-27.2881]	992.714497
[-1.24446,85.7711,-27.2876]	992.740004
[-1.25606,85.7605,-27.2874]	992.765351
[-1.26786,85.7504,-27.2876]	992.790884
[-1.27797,85.742,-27.2872]	992.816282
[-1.2871,85.7342,-27.2869]	992.841652
[-1.29417,85.7278,-27.2869]	992.867091
[-1.30007,85.7222,-27.2868]	992.892635
[-1.30493,85.7175,-27.2865]	992.917997
[-1.30953,85.7127,-27.2863]	992.943137
[-1.31292,85.7091,-27.2864]	992.968261
[-1.31893,85.7024,-27.2863]	993.018251
[-1.32172,85.6993,-27.2862]	993.042926
[-1.32421,85.6965,-27.2858]	993.068069
[-1.32725,85.6931,-27.2853]	993.092937
[-1.33027,85.6899,-27.2847]	993.117848
[-1.33409,85.6861,-27.284]	993.142879
[-1.33851,85.6819,-27.2832]	993.167678
[-1.34337,85.6771,-27.2827]	993.191942
[-1.34851,85.6722,-27.2824]	993.216407
[-1.35381,85.6673,-27.2824]	993.240963
[-1.35825,85.6635,-27.2825]	993.264321
[-1.36271,85.6598,-27.2826]	993.288129
[-1.36699,85.6562,-27.2825]	993.31196
[-1.3706,85.6529,-27.2823]	993.335138
[-1.37394,85.6497,-27.2819]	993.358474
[-1.37684,85.6465,-27.2817]	993.382005
[-1.37927,85.6435,-27.2817]	993.405229
[-1.38618,85.6327,-27.2813]	993.475785
[-1.38814,85.6291,-27.2815]	993.499148
[-1.39025,85.6249,-27.2819]	993.522478
[-1.39321,85.6193,-27.2822]	993.547838
[-1.39671,85.6135,-27.2822]	993.572964
[-1.40138,85.6066,-27.2823]	993.598258
[-1.40699,85.5989,-27.2824]	993.623371
[-1.41343,85.5909,-27.2826]	993.648504
[-1.42823,85.5767,-27.2837]	993.697979
[-1.43497,85.5713,-27.2848]	993.722748
[-1.44124,85.5672,-27.2855]	993.747045
[-1.44852,85.5631,-27.2862]	993.771827
[-1.45672,85.5593,-27.2871]	993.796061
[-1.46463,85.5562,-27.2877]	993.82067
[-1.4725,85.5533,-27.2882]	993.844944
[-1.47975,85.5507,-27.2888]	993.86925
[-1.48486,85.5488,-27.2898]	993.89326
[-1.48886,85.5474,-27.2902]	993.917257
[-1.49178,85.5465,-27.2903]	993.941971
[-1.49509,85.5456,-27.2903]	993.966837
[-1.49882,85.5448,-27.2904]	993.991686
[-1.50287,85.5443,-27.2905]	994.016584
[-1.5076,85.5444,-27.2908]	994.041471
[-1.51336,85.5455,-27.2917]	994.066509
[-1.51999,85.5477,-27.2929]	994.091329
[-1.52855,85.5519,-27.2942]	994.116637
[-1.54096,85.5597,-27.2967]	994.14159
[-1.5569,85.5718,-27.3001]	994.16651
[-1.57733,85.5895,-27.3048]	994.191389
[-1.59607,85.6076,-27.3104]	994.215961
[-1.61405,85.6261,-27.3158]	994.240718
[-1.63112,85.6448,-27.3209]	994.265378
[-1.64731,85.6629,-27.3259]	994.29001
[-1.66166,85.6786,-27.3306]	994.314614
[-1.67215,85.6901,-27.3342]	994.339097
[-1.67973,85.6984,-27.3371]	994.363881
[-1.68779,85.7072,-27.3402]	994.389228
[-1.69526,85.7156,-27.3426]	994.414833
[-1.70225,85.7233,-27.3447]	994.440506
[-1.70835,85.73,-27.3469]	994.465832
[-1.71441,85.7366,-27.349]	994.491384
[-1.72018,85.7426,-27.3509]	994.516831
[-1.72706,85.7496,-27.3532]	994.547809
[-1.73132,85.7538,-27.3546]	994.563373
[-1.73642,85.7586,-27.3562]	994.578838
[-1.74183,85.7636,-27.358]	994.594457
[-1.74715,85.7685,-27.3599]	994.610509
[-1.75256,85.7732,-27.3618]	994.626204
[-1.75827,85.778,-27.3639]	994.64221
[-1.76469,85.783,-27.3666]	994.658216
[-1.77113,85.7876,-27.3694]	994.67421
[-1.77789,85.7919,-27.3725]	994.690332
[-1.7851,85.7957,-27.3756]	994.706761
[-1.79246,85.7987,-27.3787]	994.722832
[-1.80542,85.802,-27.3834]	994.747788
[-1.82223,85.8031,-27.39]	994.772754
[-1.84014,85.8011,-27.396]	994.79764
[-1.85923,85.7958,-27.403]	994.822129
[-1.87943,85.7881,-27.4109]	994.846525
[-1.90324,85.779,-27.4196]	994.871093
[-1.92463,85.7726,-27.429]	994.896007
[-1.94902,85.7686,-27.4394]	994.921136
[-2.00799,85.7711,-27.4685]	994.971008
[-2.04038,85.7769,-27.4835]	994.995883
[-2.07412,85.7864,-27.4984]	995.02059
[-2.1068,85.798,-27.5123]	995.045506
[-2.1356,85.8086,-27.5248]	995.070007
[-2.16155,85.8173,-27.5354]	995.094394
[-2.18662,85.8241,-27.5446]	995.118967
[-2.21204,85.8292,-27.5531]	995.144005
[-2.24294,85.8331,-27.5624]	995.168887
[-2.27414,85.8356,-27.5702]	995.193562
[-2.30625,85.8378,-27.5792]	995.218766
[-2.34109,85.8408,-27.5884]	995.244002
[-2.37603,85.8446,-27.5983]	995.26912
[-2.41178,85.8495,-27.6077]	995.294255
[-2.45048,85.8557,-27.6175]	995.319713
[-2.48856,85.8623,-27.6267]	995.344979
[-2.5196,85.8675,-27.6338]	995.370633
[-2.5487,85.8715,-27.6405]	995.395858
[-2.57808,85.8739,-27.6472]	995.421514
[-2.6072,85.874,-27.6536]	995.44651
[-2.63895,85.8711,-27.6607]	995.47149
[-2.6698,85.8659,-27.6682]	995.49651
[-2.70126,85.858,-27.6763]	995.521215
[-2.73195,85.8487,-27.6839]	995.54609
[-2.75906,85.8397,-27.6913]	995.570851
[-2.78394,85.8313,-27.6983]	995.596091
[-2.81078,85.8224,-27.7057]	995.621377
[-2.83165,85.8158,-27.7112]	995.646463
[-2.8519,85.8101,-27.7165]	995.671784
[-2.87045,85.8057,-27.7218]	995.697134
[-2.88696,85.8026,-27.7262]	995.722384
[-2.90295,85.8006,-27.7301]	995.747652
[-2.91812,85.7994,-27.7338]	995.772839
[-2.93111,85.7987,-27.7367]	995.798215
[-2.94029,85.7982,-27.7386]	995.822882
[-2.94793,85.7975,-27.7403]	995.847448
[-2.95597,85.7965,-27.7422]	995.871955
[-2.96479,85.7949,-27.7447]	995.896508
[-2.97349,85.7932,-27.7471]	995.920831
[-2.98078,85.7918,-27.7489]	995.945387
[-2.98847,85.7905,-27.7508]	995.969508
[-2.99507,85.7895,-27.7523]	995.993627
[-3.00076,85.7888,-27.7535]	996.017596
[-3.00553,85.7882,-27.7543]	996.041881
[-3.01229,85.7875,-27.7555]	996.065913
[-3.02057,85.7865,-27.7569]	996.090134
[-3.02817,85.7854,-27.7582]	996.11476
[-3.0349,85.7841,-27.7597]	996.139214
[-3.04104,85.7828,-27.7612]	996.163683
[-3.04964,85.781,-27.7634]	996.188628
[-3.05749,85.7797,-27.7657]	996.213339
[-3.0645,85.7788,-27.7683]	996.238254
[-3.07284,85.778,-27.7713]	996.263463
[-3.08358,85.7775,-27.7747]	996.288754
[-3.09491,85.7773,-27.7782]	996.313987
[-3.10627,85.7772,-27.7815]	996.339397
[-3.11697,85.7771,-27.7848]	996.36478
[-3.131,85.7769,-27.7891]	996.390625
[-3.14485,85.7765,-27.7934]	996.415955
[-3.1579,85.7756,-27.7977]	996.441498
[-3.20545,85.767,-27.8129]	996.51676
[-3.22628,85.7617,-27.819]	996.54176
[-3.24814,85.7548,-27.8252]	996.566967
[-3.27081,85.7465,-27.8319]	996.592247
[-3.29403,85.7375,-27.8387]	996.617505
[-3.31742,85.728,-27.8458]	996.642511
[-3.34515,85.7172,-27.8538]	996.667447
[-3.37469,85.7061,-27.8619]	996.69263
[-3.40317,85.6962,-27.8703]	996.717941
[-3.433,85.6867,-27.8787]	996.74326
[-3.46284,85.6786,-27.887]	996.768632
[-3.49162,85.6722,-27.8945]	996.794264
[-3.51993,85.6679,-27.9022]	996.819708
[-3.54908,85.6658,-27.9108]	996.845376
[-3.5771,85.6658,-27.9189]	996.870215
[-3.60275,85.6674,-27.9252]	996.895261
[-3.62326,85.6695,-27.9292]	996.919978
[-3.63949,85.6712,-27.9328]	996.944622
[-3.65855,85.6728,-27.9366]	996.969132
[-3.6781,85.6735,-27.9407]	996.993635
[-3.69741,85.6732,-27.9443]	997.018101
[-3.71839,85.6714,-27.9483]	997.043006
[-3.73797,85.669,-27.9517]	997.067634
[-3.7539,85.6672,-27.9544]	997.092692
[-3.76998,85.6663,-27.9569]	997.118104
[-3.7893,85.6677,-27.9599]	997.143639
[-3.81455,85.6729,-27.9635]	997.169634
[-3.84546,85.683,-27.967]	997.195631
[-3.87853,85.6968,-27.9697]	997.22128
[-3.91844,85.7161,-27.9724]	997.247376
[-3.96844,85.7418,-27.9758]	997.272857
[-4.03502,85.7769,-27.9805]	997.298589
[-4.12511,85.8237,-27.987]	997.32429
[-4.25504,85.8884,-27.997]	997.349875
[-4.40938,85.9637,-28.008]	997.375478
[-4.58274,86.0485,-28.021]	997.401011
[-4.77588,86.1451,-28.0336]	997.426383
[-4.98942,86.256,-28.0481]	997.451618
[-5.21166,86.3784,-28.0656]	997.476601
[-5.437,86.5145,-28.0827]	997.501885
[-5.6524,86.6605,-28.1005]	997.526821
[-5.86142,86.8202,-28.1174]	997.552376
[-6.05078,86.9864,-28.132]	997.577627
[-6.21962,87.1579,-28.1424]	997.60304
[-6.36347,87.3245,-28.1525]	997.628248
[-6.47906,87.472,-28.1639]	997.653277
[-6.57162,87.5996,-28.1762]	997.678754
[-6.64754,87.7127,-28.1878]	997.704645
[-6.70689,87.8123,-28.1967]	997.730334
[-6.75106,87.9038,-28.2034]	997.756259
[-6.77485,87.9743,-28.2047]	997.777855
[-6.78756,88.0441,-28.2019]	997.799627
[-6.78908,88.1111,-28.196]	997.821475
[-6.78172,88.1709,-28.1879]	997.842443
[-6.76782,88.2251,-28.1808]	997.863039
[-6.74857,88.2758,-28.174]	997.88425
[-6.73537,88.3034,-28.1707]	997.896989
[-6.72219,88.3261,-28.1691]	997.90958
[-6.70935,88.3446,-28.1692]	997.922335
[-6.69586,88.3613,-28.169]	997.935411
[-6.68259,88.3751,-28.1698]	997.948255
[-6.66895,88.3876,-28.1711]	997.961398
[-6.65518,88.3989,-28.1725]	997.97475
[-6.62746,88.4178,-28.1765]	998.001449
[-6.61411,88.4265,-28.1785]	998.014632
[-6.59992,88.4353,-28.1806]	998.028467
[-6.58587,88.4437,-28.1834]	998.042142
[-6.57022,88.4529,-28.1857]	998.05539
[-6.55023,88.464,-28.1879]	998.069141
[-6.52619,88.4763,-28.1905]	998.083267
[-6.49807,88.4897,-28.1947]	998.097134
[-6.46545,88.505,-28.1979]	998.111139
[-6.42883,88.522,-28.2018]	998.125139
[-6.38731,88.5416,-28.206]	998.139227
[-6.31072,88.5784,-28.2143]	998.163715
[-6.23305,88.6186,-28.2196]	998.18835
[-6.15138,88.6638,-28.2239]	998.212852
[-6.07834,88.7068,-28.2301]	998.236645
[-6.01018,88.7485,-28.2364]	998.260752
[-5.95895,88.7808,-28.2423]	998.284319
[-5.91866,88.8068,-28.2478]	998.308702
[-5.88673,88.8274,-28.2525]	998.333001
[-5.85916,88.8447,-28.2571]	998.357256
[-5.8303,88.8618,-28.2616]	998.381445
[-5.80031,88.8785,-28.2659]	998.405655
[-5.76927,88.8945,-28.2698]	998.429923
[-5.73936,88.9085,-28.2734]	998.454624
[-5.71048,88.9209,-28.2763]	998.479215
[-5.68316,88.9318,-28.2783]	998.503835
[-5.6502,88.9441,-28.2805]	998.528964
[-5.61068,88.958,-28.2832]	998.554509
[-5.5746,88.9708,-28.2862]	998.579755
[-5.54034,88.9842,-28.2902]	998.604861
[-5.50875,88.9986,-28.2951]	998.630217
[-5.47863,89.0147,-28.3001]	998.655506
[-5.45118,89.0312,-28.305]	998.679635
[-5.42453,89.0486,-28.3098]	998.703669
[-5.39934,89.0659,-28.3137]	998.727784
[-5.37541,89.0832,-28.3162]	998.751373
[-5.35125,89.101,-28.3178]	998.77483
[-5.32878,89.1174,-28.3181]	998.798339
[-5.30281,89.1359,-28.3175]	998.821792
[-5.27746,89.1533,-28.3158]	998.845258
[-5.25047,89.1711,-28.314]	998.868351
[-5.22147,89.1897,-28.3123]	998.892263
[-5.19187,89.2086,-28.3105]	998.915722
[-5.16273,89.2271,-28.3083]	998.939496
[-5.13286,89.246,-28.3061]	998.96205
[-5.09981,89.267,-28.3036]	998.984872
[-5.07008,89.2857,-28.3024]	999.007353
[-5.03884,89.3056,-28.3019]	999.030362
[-5.00852,89.3252,-28.3025]	999.05351
[-4.97477,89.3469,-28.3037]	999.076373
[-4.95766,89.3577,-28.3044]	999.088816
[-4.94309,89.3666,-28.3053]	999.101127
[-4.92943,89.3747,-28.3063]	999.113633
[-4.91472,89.383,-28.3073]	999.126286
[-4.90002,89.391,-28.3085]	999.139007
[-4.88558,89.3983,-28.3097]	999.151502
[-4.86932,89.406,-28.3114]	999.164588
[-4.85382,89.4131,-28.3132]	999.177583
[-4.83717,89.4204,-28.3154]	999.190582
[-4.81918,89.4283,-28.3177]	999.203845
[-4.80344,89.4352,-28.3201]	999.216997
[-4.74553,89.4633,-28.3274]	999.256913
[-4.72372,89.4747,-28.3296]	999.270608
[-4.7031,89.4862,-28.3317]	999.284126
[-4.6823,89.4984,-28.3338]	999.29714
[-4.65915,89.5126,-28.336]	999.311005
[-4.63419,89.5286,-28.3382]	999.324785
[-4.57736,89.5678,-28.3426]	999.35216
[-4.54804,89.5889,-28.3446]	999.366123
[-4.50459,89.6219,-28.3466]	999.390113
[-4.46044,89.6566,-28.3503]	999.414509
[-4.42024,89.6897,-28.3532]	999.438511
[-4.38014,89.7231,-28.3556]	999.463701
[-4.33956,89.7566,-28.3578]	999.488837
[-4.30129,89.7869,-28.3605]	999.51382
[-4.26516,89.8131,-28.3622]	999.538504
[-4.22882,89.8365,-28.3652]	999.563247
[-4.19362,89.8568,-28.3675]	999.58776
[-4.1579,89.8754,-28.3708]	999.613385
[-4.12307,89.8924,-28.3734]	999.638845
[-4.08956,89.9091,-28.3764]	999.664604
[-4.05562,89.9275,-28.3793]	999.690081
[-4.0241,89.9467,-28.3835]	999.715753
[-3.99368,89.9677,-28.3883]	999.741228
[-3.97081,89.9849,-28.3934]	999.76533
[-3.94845,90.0025,-28.3982]	999.789519
[-3.92646,90.0198,-28.4027]	999.814009
[-3.88644,90.0494,-28.4104]	999.862853
[-3.86786,90.0621,-28.4145]	999.887246
[-3.84995,90.073,-28.4193]	999.911762
[-3.83045,90.083,-28.4253]	999.935635
[-3.81178,90.0907,-28.4316]	999.959411
[-3.79262,90.0966,-28.4396]	999.983371
[-3.7734,90.1014,-28.448]	1000.007515
[-3.75433,90.1061,-28.4574]	1000.031455
[-3.73993,90.1101,-28.4652]	1000.055448
[-3.72738,90.1141,-28.4723]	1000.080083
[-3.71406,90.1187,-28.4797]	1000.1047
[-3.6993,90.1236,-28.4858]	1000.129276
[-3.68175,90.1291,-28.4909]	1000.153993
[-3.66157,90.1349,-28.4948]	1000.178761
[-3.64119,90.1405,-28.4973]	1000.203498
[-3.61607,90.1473,-28.5001]	1000.229754
[-3.59675,90.1528,-28.5019]	1000.255934
[-3.57602,90.1594,-28.5035]	1000.282089
[-3.55136,90.1689,-28.5051]	1000.308513
[-3.52524,90.1817,-28.5066]	1000.334878
[-3.50218,90.1963,-28.5101]	1000.361105
[-3.47907,90.2153,-28.5155]	1000.38756
[-3.45536,90.2395,-28.5215]	1000.413562
[-3.42886,90.2686,-28.5283]	1000.440257
[-3.39933,90.2994,-28.5344]	1000.466505
[-3.36822,90.3274,-28.5384]	1000.493133
[-3.32748,90.3572,-28.5433]	1000.519197
[-3.28294,90.3841,-28.5461]	1000.545583
[-3.23757,90.4074,-28.5475]	1000.571881
[-3.19421,90.4276,-28.548]	1000.598006
[-3.15445,90.4459,-28.5482]	1000.624004
[-3.12154,90.4624,-28.55]	1000.649919
[-3.09143,90.4797,-28.5517]	1000.67594
[-3.06624,90.497,-28.5542]	1000.70163
[-3.04497,90.5135,-28.5575]	1000.727247
[-3.02734,90.5275,-28.5611]	1000.752731
[-3.01151,90.5398,-28.5645]	1000.778091
[-2.99632,90.5506,-28.5682]	1000.803503
[-2.98078,90.5601,-28.5719]	1000.828388
[-2.96348,90.5686,-28.5755]	1000.854387
[-2.94302,90.5757,-28.5797]	1000.87986
[-2.91734,90.5817,-28.5837]	1000.905752
[-2.88969,90.586,-28.5878]	1000.931394
[-2.85897,90.589,-28.592]	1000.957087
[-2.82672,90.591,-28.5969]	1000.982799
[-2.79172,90.5921,-28.6018]	1001.008801
[-2.76372,90.5922,-28.6068]	1001.035002
[-2.73743,90.5916,-28.612]	1001.06084
[-2.71098,90.5898,-28.6173]	1001.087892
[-2.6866,90.587,-28.6229]	1001.114733
[-2.66127,90.5826,-28.6283]	1001.141635
[-2.63635,90.577,-28.6326]	1001.167963
[-2.61146,90.5702,-28.636]	1001.194267
[-2.58588,90.5624,-28.6391]	1001.22101
[-2.5606,90.5544,-28.6419]	1001.247261
[-2.53591,90.5465,-28.6447]	1001.273876
[-2.51312,90.5397,-28.647]	1001.300266
[-2.49007,90.534,-28.6493]	1001.326826
[-2.46975,90.5303,-28.6506]	1001.353009
[-2.44856,90.5275,-28.6516]	1001.379754
[-2.42837,90.5259,-28.6527]	1001.40596
[-2.40875,90.5253,-28.6545]	1001.432339
[-2.38947,90.5254,-28.6563]	1001.458605
[-2.3735,90.5258,-28.6584]	1001.485126
[-2.36036,90.5263,-28.6599]	1001.511139
[-2.34883,90.5267,-28.661]	1001.537714
[-2.3383,90.527,-28.6622]	1001.563947
[-2.3286,90.5272,-28.6631]	1001.590114
[-2.31838,90.5271,-28.6639]	1001.616346
[-2.30719,90.5267,-28.6646]	1001.642537
[-2.29642,90.526,-28.665]	1001.669014
[-2.2848,90.525,-28.6656]	1001.695382
[-2.27297,90.5237,-28.6661]	1001.721696
[-2.25932,90.5216,-28.6669]	1001.748085
[-2.24411,90.5186,-28.668]	1001.774625
[-2.22751,90.5146,-28.6695]	1001.80112
[-2.20904,90.5093,-28.6718]	1001.827174
[-2.18971,90.5028,-28.6747]	1001.853954
[-2.16864,90.4946,-28.6779]	1001.881008
[-2.14735,90.4849,-28.6815]	1001.907977
[-2.12395,90.4726,-28.6851]	1001.934832
[-2.1007,90.4592,-28.6883]	1001.96178
[-2.07767,90.4448,-28.6912]	1001.989009
[-2.05822,90.4328,-28.6935]	1002.016005
[-2.03901,90.4215,-28.6959]	1002.042755
[-2.01989,90.4116,-28.6986]	1002.069964
[-2.00324,90.4038,-28.7026]	1002.0971
[-1.98719,90.3975,-28.7057]	1002.123712
[-1.97144,90.3919,-28.7088]	1002.150755
[-1.95644,90.3866,-28.7118]	1002.177484
[-1.94183,90.3816,-28.7149]	1002.204503
[-1.92774,90.3769,-28.7179]	1002.231385
[-1.91536,90.3729,-28.7203]	1002.258228
[-1.90108,90.3683,-28.7229]	1002.284588
[-1.88865,90.3643,-28.7256]	1002.311087
[-1.87593,90.3602,-28.7284]	1002.337599
[-1.86207,90.3559,-28.732]	1002.363964
[-1.81819,90.3418,-28.7396]	1002.443208
[-1.80771,90.3382,-28.7416]	1002.469607
[-1.79999,90.3353,-28.7427]	1002.496105
[-1.7938,90.3327,-28.7433]	1002.522003
[-1.78854,90.3304,-28.7439]	1002.547721
[-1.78296,90.3275,-28.7447]	1002.57357
[-1.77719,90.3241,-28.7456]	1002.599751
[-1.77056,90.3195,-28.7469]	1002.625951
[-1.76425,90.3145,-28.7483]	1002.651888
[-1.75704,90.3079,-28.7497]	1002.678842
[-1.75125,90.302,-28.7513]	1002.705882
[-1.74453,90.2945,-28.753]	1002.732751
[-1.73702,90.285,-28.7546]	1002.759202
[-1.72932,90.2742,-28.7561]	1002.785827
[-1.72167,90.2623,-28.7572]	1002.812499
[-1.71404,90.249,-28.7584]	1002.838499
[-1.70679,90.2348,-28.7594]	1002.864438
[-1.69936,90.2189,-28.7605]	1002.890626
[-1.69205,90.2028,-28.7617]	1002.915957
[-1.6843,90.1864,-28.7629]	1002.941381
[-1.67668,90.1722,-28.7652]	1002.966945
[-1.66808,90.1589,-28.7668]	1002.992617
[-1.65836,90.1465,-28.7685]	1003.018203
[-1.64756,90.1351,-28.7705]	1003.044005
[-1.63556,90.1249,-28.7732]	1003.069985
[-1.62341,90.1161,-28.7759]	1003.09584
[-1.61166,90.1082,-28.7784]	1003.12159
[-1.6002,90.0999,-28.7806]	1003.147829
[-1.58851,90.0899,-28.7825]	1003.173703
[-1.57543,90.0762,-28.7849]	1003.200007
[-1.55855,90.0549,-28.7874]	1003.225649
[-1.54039,90.0269,-28.7892]	1003.251603
[-1.52322,89.9944,-28.79]	1003.277608
[-1.50813,89.9594,-28.7906]	1003.302626
[-1.49664,89.9283,-28.7928]	1003.327227
[-1.48692,89.8989,-28.7945]	1003.352224
[-1.47872,89.8725,-28.7956]	1003.376979
[-1.47152,89.8484,-28.7975]	1003.402127
[-1.46592,89.8286,-28.7997]	1003.426894
[-1.46215,89.8127,-28.8017]	1003.451927
[-1.46072,89.8005,-28.8029]	1003.476788
[-1.46189,89.7904,-28.8043]	1003.501762
[-1.46564,89.7811,-28.8058]	1003.526409
[-1.47193,89.7721,-28.8077]	1003.551501
[-1.48043,89.7623,-28.8109]	1003.575913
[-1.49089,89.7523,-28.8142]	1003.601383
[-1.50135,89.7435,-28.8175]	1003.626355
[-1.52164,89.7293,-28.8237]	1003.676616
[-1.52973,89.7241,-28.8271]	1003.70176
[-1.53656,89.7201,-28.8298]	1003.726718
[-1.54114,89.7178,-28.8332]	1003.75178
[-1.54428,89.7165,-28.8362]	1003.778918
[-1.54654,89.7156,-28.8385]	1003.806002
[-1.54787,89.7151,-28.8401]	1003.833004
[-1.54869,89.7148,-28.841]	1003.860252
[-1.54949,89.7144,-28.8418]	1003.88729
[-1.55026,89.714,-28.8426]	1003.914711
[-1.55117,89.7134,-28.8434]	1003.941838
[-1.55249,89.7127,-28.8443]	1003.969006
[-1.55428,89.7117,-28.8452]	1003.996137
[-1.55758,89.7104,-28.8467]	1004.023127
[-1.5628,89.7087,-28.849]	1004.049936
[-1.57044,89.7071,-28.852]	1004.077088
[-1.58128,89.7057,-28.8552]	1004.104111
[-1.59584,89.7041,-28.8589]	1004.131754
[-1.60653,89.7028,-28.8621]	1004.159039
[-1.61465,89.7016,-28.8639]	1004.186204
[-1.62172,89.7003,-28.8653]	1004.213634
[-1.62693,89.699,-28.8668]	1004.241003
[-1.6318,89.6976,-28.8683]	1004.267959
[-1.63661,89.696,-28.8696]	1004.295132
[-1.6403,89.6947,-28.8706]	1004.321946
[-1.64403,89.6933,-28.8715]	1004.349508
[-1.64698,89.6921,-28.8724]	1004.376637
[-1.653,89.6894,-28.874]	1004.431127
[-1.65734,89.6874,-28.8752]	1004.458373
[-1.66304,89.6845,-28.8765]	1004.485345
[-1.66937,89.6806,-28.878]	1004.512795
[-1.67728,89.6742,-28.88]	1004.539961
[-1.68564,89.6654,-28.8824]	1004.567328
[-1.69447,89.6538,-28.8846]	1004.594583
[-1.70628,89.6353,-28.8874]	1004.621754
[-1.71915,89.6136,-28.8904]	1004.648756
[-1.73702,89.5833,-28.8946]	1004.675754
[-1.75621,89.5516,-28.8993]	1004.702103
[-1.77336,89.5243,-28.9023]	1004.728619
[-1.78778,89.5016,-28.9044]	1004.75489
[-1.79778,89.4859,-28.9056]	1004.780873
[-1.805,89.4747,-28.9067]	1004.806646
[-1.81113,89.4651,-28.9072]	1004.832759
[-1.8173,89.4553,-28.9079]	1004.858467
[-1.82354,89.4453,-28.9085]	1004.884306
[-1.82868,89.4366,-28.9095]	1004.910168
[-1.83328,89.4284,-28.9101]	1004.936607
[-1.83763,89.4203,-28.9108]	1004.962759
[-1.84267,89.4099,-28.9115]	1004.989258
[-1.84812,89.3976,-28.9126]	1005.015878
[-1.8551,89.3811,-28.9139]	1005.042622
[-1.86342,89.3606,-28.9158]	1005.06883
[-1.8718,89.3392,-28.9184]	1005.096015
[-1.87975,89.319,-28.9207]	1005.122702
[-1.88635,89.3019,-28.9231]	1005.149626
[-1.89296,89.2851,-28.9255]	1005.175876
[-1.90087,89.2665,-28.9283]	1005.202586
[-1.90795,89.2512,-28.9315]	1005.229191
[-1.9161,89.2354,-28.9345]	1005.255757
[-1.92569,89.219,-28.937]	1005.28225
[-1.93673,89.2019,-28.9394]	1005.308585
[-1.94889,89.185,-28.9417]	1005.334451
[-1.96267,89.1675,-28.9436]	1005.360882
[-1.97593,89.1517,-28.945]	1005.386858
[-1.99011,89.1356,-28.946]	1005.413251
[-2.00634,89.1181,-28.9473]	1005.439394
[-2.02021,89.104,-28.9476]	1005.465746
[-2.0344,89.0904,-28.9473]	1005.491885
[-2.04742,89.0786,-28.9467]	1005.51786
[-2.06139,89.0665,-28.9461]	1005.54396
[-2.07214,89.0576,-28.9463]	1005.569875
[-2.08289,89.049,-28.9464]	1005.595593
[-2.09447,89.0398,-28.9466]	1005.621463
[-2.10346,89.0328,-28.9468]	1005.647247
[-2.11295,89.0253,-28.9469]	1005.672883
[-2.12007,89.0196,-28.9468]	1005.698394
[-2.14124,88.9988,-28.946]	1005.775448
[-2.14851,88.9905,-28.9455]	1005.801157
[-2.15635,88.9803,-28.945]	1005.826891
[-2.16424,88.9689,-28.9444]	1005.85246
[-2.17547,88.9515,-28.9435]	1005.879086
[-2.18717,88.9328,-28.9431]	1005.905887
[-2.19999,88.9122,-28.9426]	1005.932352
[-2.21676,88.8856,-28.9424]	1005.958585
[-2.2348,88.8572,-28.9421]	1005.984779
[-2.25463,88.8262,-28.9414]	1006.011002
[-2.27218,88.7984,-28.9403]	1006.037294
[-2.30638,88.74,-28.9374]	1006.090191
